raw_salary,min_monthly,max_monthly,annual_months,total_min,total_max,salary_type,parse_flag
25k-50k,25.0,50.0,12,300.0,600.0,月薪,预处理|补全前项k|补全后项k|正常解析
15k-22k·15薪,15.0,22.0,15,225.0,330.0,月薪,预处理|补全前项k|补全后项k|提取k后薪数|正常解析
8k-12k,8.0,12.0,12,96.0,144.0,月薪,预处理|补全前项k|补全后项k|正常解析
6k-8k·15薪,6.0,8.0,15,90.0,120.0,月薪,预处理|补全前项k|补全后项k|提取k后薪数|正常解析
15k-25k,15.0,25.0,12,180.0,300.0,月薪,预处理|补全前项k|补全后项k|正常解析
15k-25k·13薪,15.0,25.0,13,195.0,325.0,月薪,预处理|补全前项k|补全后项k|提取k后薪数|正常解析
20k-40k,20.0,40.0,12,240.0,480.0,月薪,预处理|补全前项k|补全后项k|正常解析
5k-10k,5.0,10.0,12,60.0,120.0,月薪,预处理|补全前项k|补全后项k|正常解析
8k-16k·24薪,8.0,16.0,24,192.0,384.0,月薪,预处理|补全前项k|补全后项k|提取k后薪数|正常解析
30k-50k,30.0,50.0,12,360.0,600.0,月薪,预处理|补全前项k|补全后项k|正常解析
3k-6k,3.0,6.0,12,36.0,72.0,月薪,预处理|补全前项k|补全后项k|正常解析
11k-20k·13薪,11.0,20.0,13,143.0,260.0,月薪,预处理|补全前项k|补全后项k|提取k后薪数|正常解析
8k-15k,8.0,15.0,12,96.0,180.0,月薪,预处理|补全前项k|补全后项k|正常解析
20k-30k,20.0,30.0,12,240.0,360.0,月薪,预处理|补全前项k|补全后项k|正常解析
20k-30k·16薪,20.0,30.0,16,320.0,480.0,月薪,预处理|补全前项k|补全后项k|提取k后薪数|正常解析
18k-30k,18.0,30.0,12,216.0,360.0,月薪,预处理|补全前项k|补全后项k|正常解析
8k-15k·16薪,8.0,15.0,16,128.0,240.0,月薪,预处理|补全前项k|补全后项k|提取k后薪数|正常解析
8k-16k,8.0,16.0,12,96.0,192.0,月薪,预处理|补全前项k|补全后项k|正常解析
15k-23k,15.0,23.0,12,180.0,276.0,月薪,预处理|补全前项k|补全后项k|正常解析
20k-30k·15薪,20.0,30.0,15,300.0,450.0,月薪,预处理|补全前项k|补全后项k|提取k后薪数|正常解析
2k-3k,2.0,3.0,12,24.0,36.0,月薪,预处理|补全前项k|补全后项k|正常解析
50k-100k,50.0,100.0,12,600.0,1200.0,月薪,预处理|补全前项k|补全后项k|正常解析
15k-30k,15.0,30.0,12,180.0,360.0,月薪,预处理|补全前项k|补全后项k|正常解析
8k-13k,8.0,13.0,12,96.0,156.0,月薪,预处理|补全前项k|补全后项k|正常解析
6k-9k,6.0,9.0,12,72.0,108.0,月薪,预处理|补全前项k|补全后项k|正常解析
6k-12k,6.0,12.0,12,72.0,144.0,月薪,预处理|补全前项k|补全后项k|正常解析
4k-8k·13薪,4.0,8.0,13,52.0,104.0,月薪,预处理|补全前项k|补全后项k|提取k后薪数|正常解析
10k-15k,10.0,15.0,12,120.0,180.0,月薪,预处理|补全前项k|补全后项k|正常解析
30k-60k,30.0,60.0,12,360.0,720.0,月薪,预处理|补全前项k|补全后项k|正常解析
10k-20k,10.0,20.0,12,120.0,240.0,月薪,预处理|补全前项k|补全后项k|正常解析
6k-8k·13薪,6.0,8.0,13,78.0,104.0,月薪,预处理|补全前项k|补全后项k|提取k后薪数|正常解析
12k-24k,12.0,24.0,12,144.0,288.0,月薪,预处理|补全前项k|补全后项k|正常解析
15k-30k·14薪,15.0,30.0,14,210.0,420.0,月薪,预处理|补全前项k|补全后项k|提取k后薪数|正常解析
10k-18k,10.0,18.0,12,120.0,216.0,月薪,预处理|补全前项k|补全后项k|正常解析
50k-99k,50.0,99.0,12,600.0,1188.0,月薪,预处理|补全前项k|补全后项k|正常解析
12k-15k,12.0,15.0,12,144.0,180.0,月薪,预处理|补全前项k|补全后项k|正常解析
20k-40k·15薪,20.0,40.0,15,300.0,600.0,月薪,预处理|补全前项k|补全后项k|提取k后薪数|正常解析
15k-25k·15薪,15.0,25.0,15,225.0,375.0,月薪,预处理|补全前项k|补全后项k|提取k后薪数|正常解析
9k-18k,9.0,18.0,12,108.0,216.0,月薪,预处理|补全前项k|补全后项k|正常解析
6k-8k,6.0,8.0,12,72.0,96.0,月薪,预处理|补全前项k|补全后项k|正常解析
15k-25k·16薪,15.0,25.0,16,240.0,400.0,月薪,预处理|补全前项k|补全后项k|提取k后薪数|正常解析
7k-9k,7.0,9.0,12,84.0,108.0,月薪,预处理|补全前项k|补全后项k|正常解析
12k-20k·14薪,12.0,20.0,14,168.0,280.0,月薪,预处理|补全前项k|补全后项k|提取k后薪数|正常解析
25k-45k,25.0,45.0,12,300.0,540.0,月薪,预处理|补全前项k|补全后项k|正常解析
30k-50k·13薪,30.0,50.0,13,390.0,650.0,月薪,预处理|补全前项k|补全后项k|提取k后薪数|正常解析
16k-27k,16.0,27.0,12,192.0,324.0,月薪,预处理|补全前项k|补全后项k|正常解析
100k-200k,100.0,200.0,12,1200.0,2400.0,月薪,预处理|补全前项k|补全后项k|正常解析
2k-4k,2.0,4.0,12,24.0,48.0,月薪,预处理|补全前项k|补全后项k|正常解析
6k-10k,6.0,10.0,12,72.0,120.0,月薪,预处理|补全前项k|补全后项k|正常解析
1k-2k,1.0,2.0,12,12.0,24.0,月薪,预处理|补全前项k|补全后项k|正常解析
5k-7k,5.0,7.0,12,60.0,84.0,月薪,预处理|补全前项k|补全后项k|正常解析
4K-8K,4.0,8.0,12,48.0,96.0,月薪,预处理|补全前项k|补全后项k|正常解析
12k-20k,12.0,20.0,12,144.0,240.0,月薪,预处理|补全前项k|补全后项k|正常解析
10k-12k,10.0,12.0,12,120.0,144.0,月薪,预处理|补全前项k|补全后项k|正常解析
15k-24k,15.0,24.0,12,180.0,288.0,月薪,预处理|补全前项k|补全后项k|正常解析
15k-30k·13薪,15.0,30.0,13,195.0,390.0,月薪,预处理|补全前项k|补全后项k|提取k后薪数|正常解析
12k-15k·14薪,12.0,15.0,14,168.0,210.0,月薪,预处理|补全前项k|补全后项k|提取k后薪数|正常解析
10k-15k·13薪,10.0,15.0,13,130.0,195.0,月薪,预处理|补全前项k|补全后项k|提取k后薪数|正常解析
7k-8k,7.0,8.0,12,84.0,96.0,月薪,预处理|补全前项k|补全后项k|正常解析
4k-6k,4.0,6.0,12,48.0,72.0,月薪,预处理|补全前项k|补全后项k|正常解析
4k-7k,4.0,7.0,12,48.0,84.0,月薪,预处理|补全前项k|补全后项k|正常解析
10k-16k,10.0,16.0,12,120.0,192.0,月薪,预处理|补全前项k|补全后项k|正常解析
15k-20k,15.0,20.0,12,180.0,240.0,月薪,预处理|补全前项k|补全后项k|正常解析
13k-25k,13.0,25.0,12,156.0,300.0,月薪,预处理|补全前项k|补全后项k|正常解析
8k-14k,8.0,14.0,12,96.0,168.0,月薪,预处理|补全前项k|补全后项k|正常解析
8k-10k,8.0,10.0,12,96.0,120.0,月薪,预处理|补全前项k|补全后项k|正常解析
9k-13k,9.0,13.0,12,108.0,156.0,月薪,预处理|补全前项k|补全后项k|正常解析
9k-15k,9.0,15.0,12,108.0,180.0,月薪,预处理|补全前项k|补全后项k|正常解析
7k-13k,7.0,13.0,12,84.0,156.0,月薪,预处理|补全前项k|补全后项k|正常解析
7k-14k,7.0,14.0,12,84.0,168.0,月薪,预处理|补全前项k|补全后项k|正常解析
15k-29k,15.0,29.0,12,180.0,348.0,月薪,预处理|补全前项k|补全后项k|正常解析
8k-15k·15薪,8.0,15.0,15,120.0,225.0,月薪,预处理|补全前项k|补全后项k|提取k后薪数|正常解析
3k-4k,3.0,4.0,12,36.0,48.0,月薪,预处理|补全前项k|补全后项k|正常解析
6k-7k,6.0,7.0,12,72.0,84.0,月薪,预处理|补全前项k|补全后项k|正常解析
3k-5k,3.0,5.0,12,36.0,60.0,月薪,预处理|补全前项k|补全后项k|正常解析
12K-15K,12.0,15.0,12,144.0,180.0,月薪,预处理|补全前项k|补全后项k|正常解析
8k-12k·13薪,8.0,12.0,13,104.0,156.0,月薪,预处理|补全前项k|补全后项k|提取k后薪数|正常解析
12k-17k·13薪,12.0,17.0,13,156.0,221.0,月薪,预处理|补全前项k|补全后项k|提取k后薪数|正常解析
18k-35k·13薪,18.0,35.0,13,234.0,455.0,月薪,预处理|补全前项k|补全后项k|提取k后薪数|正常解析
15k-30k·16薪,15.0,30.0,16,240.0,480.0,月薪,预处理|补全前项k|补全后项k|提取k后薪数|正常解析
8k-16k·13薪,8.0,16.0,13,104.0,208.0,月薪,预处理|补全前项k|补全后项k|提取k后薪数|正常解析
6k-12k·13薪,6.0,12.0,13,78.0,156.0,月薪,预处理|补全前项k|补全后项k|提取k后薪数|正常解析
8k-15k·13薪,8.0,15.0,13,104.0,195.0,月薪,预处理|补全前项k|补全后项k|提取k后薪数|正常解析
5k-8k,5.0,8.0,12,60.0,96.0,月薪,预处理|补全前项k|补全后项k|正常解析
15k-20k·13薪,15.0,20.0,13,195.0,260.0,月薪,预处理|补全前项k|补全后项k|提取k后薪数|正常解析
4k-8k,4.0,8.0,12,48.0,96.0,月薪,预处理|补全前项k|补全后项k|正常解析
8k-16k·16薪,8.0,16.0,16,128.0,256.0,月薪,预处理|补全前项k|补全后项k|提取k后薪数|正常解析
4k-6k·13薪,4.0,6.0,13,52.0,78.0,月薪,预处理|补全前项k|补全后项k|提取k后薪数|正常解析
5k-8k·13薪,5.0,8.0,13,65.0,104.0,月薪,预处理|补全前项k|补全后项k|提取k后薪数|正常解析
5k-6k,5.0,6.0,12,60.0,72.0,月薪,预处理|补全前项k|补全后项k|正常解析
5k-7k·13薪,5.0,7.0,13,65.0,91.0,月薪,预处理|补全前项k|补全后项k|提取k后薪数|正常解析
9k-12k·13薪,9.0,12.0,13,117.0,156.0,月薪,预处理|补全前项k|补全后项k|提取k后薪数|正常解析
2k-4k·13薪,2.0,4.0,13,26.0,52.0,月薪,预处理|补全前项k|补全后项k|提取k后薪数|正常解析
5k-8k·14薪,5.0,8.0,14,70.0,112.0,月薪,预处理|补全前项k|补全后项k|提取k后薪数|正常解析
12k-22k,12.0,22.0,12,144.0,264.0,月薪,预处理|补全前项k|补全后项k|正常解析
4k-5k·13薪,4.0,5.0,13,52.0,65.0,月薪,预处理|补全前项k|补全后项k|提取k后薪数|正常解析
7k-9k·13薪,7.0,9.0,13,91.0,117.0,月薪,预处理|补全前项k|补全后项k|提取k后薪数|正常解析
6k-7k·13薪,6.0,7.0,13,78.0,91.0,月薪,预处理|补全前项k|补全后项k|提取k后薪数|正常解析
7k-10k,7.0,10.0,12,84.0,120.0,月薪,预处理|补全前项k|补全后项k|正常解析
6k-11k,6.0,11.0,12,72.0,132.0,月薪,预处理|补全前项k|补全后项k|正常解析
2k-4k·14薪,2.0,4.0,14,28.0,56.0,月薪,预处理|补全前项k|补全后项k|提取k后薪数|正常解析
7k-12k,7.0,12.0,12,84.0,144.0,月薪,预处理|补全前项k|补全后项k|正常解析
4k-5k,4.0,5.0,12,48.0,60.0,月薪,预处理|补全前项k|补全后项k|正常解析
7k-10k·15薪,7.0,10.0,15,105.0,150.0,月薪,预处理|补全前项k|补全后项k|提取k后薪数|正常解析
7k-11k,7.0,11.0,12,84.0,132.0,月薪,预处理|补全前项k|补全后项k|正常解析
9k-14k·13薪,9.0,14.0,13,117.0,182.0,月薪,预处理|补全前项k|补全后项k|提取k后薪数|正常解析
9k-15k·13薪,9.0,15.0,13,117.0,195.0,月薪,预处理|补全前项k|补全后项k|提取k后薪数|正常解析
7k-10k·13薪,7.0,10.0,13,91.0,130.0,月薪,预处理|补全前项k|补全后项k|提取k后薪数|正常解析
18k-22k·15薪,18.0,22.0,15,270.0,330.0,月薪,预处理|补全前项k|补全后项k|提取k后薪数|正常解析
8k-11k,8.0,11.0,12,96.0,132.0,月薪,预处理|补全前项k|补全后项k|正常解析
7k-12k·13薪,7.0,12.0,13,91.0,156.0,月薪,预处理|补全前项k|补全后项k|提取k后薪数|正常解析
10k-12k·15薪,10.0,12.0,15,150.0,180.0,月薪,预处理|补全前项k|补全后项k|提取k后薪数|正常解析
8k-14k·13薪,8.0,14.0,13,104.0,182.0,月薪,预处理|补全前项k|补全后项k|提取k后薪数|正常解析
10k-15k·15薪,10.0,15.0,15,150.0,225.0,月薪,预处理|补全前项k|补全后项k|提取k后薪数|正常解析
9k-12k·14薪,9.0,12.0,14,126.0,168.0,月薪,预处理|补全前项k|补全后项k|提取k后薪数|正常解析
10k-18k·15薪,10.0,18.0,15,150.0,270.0,月薪,预处理|补全前项k|补全后项k|提取k后薪数|正常解析
18k-36k·14薪,18.0,36.0,14,252.0,504.0,月薪,预处理|补全前项k|补全后项k|提取k后薪数|正常解析
6k-12k·14薪,6.0,12.0,14,84.0,168.0,月薪,预处理|补全前项k|补全后项k|提取k后薪数|正常解析
5k-6k·13薪,5.0,6.0,13,65.0,78.0,月薪,预处理|补全前项k|补全后项k|提取k后薪数|正常解析
9k-17k,9.0,17.0,12,108.0,204.0,月薪,预处理|补全前项k|补全后项k|正常解析
9k-18k·13薪,9.0,18.0,13,117.0,234.0,月薪,预处理|补全前项k|补全后项k|提取k后薪数|正常解析
8k-12k·14薪,8.0,12.0,14,112.0,168.0,月薪,预处理|补全前项k|补全后项k|提取k后薪数|正常解析
2k-3k·13薪,2.0,3.0,13,26.0,39.0,月薪,预处理|补全前项k|补全后项k|提取k后薪数|正常解析
8k-10k·15薪,8.0,10.0,15,120.0,150.0,月薪,预处理|补全前项k|补全后项k|提取k后薪数|正常解析
10k-15k·14薪,10.0,15.0,14,140.0,210.0,月薪,预处理|补全前项k|补全后项k|提取k后薪数|正常解析
8k-16k·14薪,8.0,16.0,14,112.0,224.0,月薪,预处理|补全前项k|补全后项k|提取k后薪数|正常解析
16k-23k,16.0,23.0,12,192.0,276.0,月薪,预处理|补全前项k|补全后项k|正常解析
15k-28k,15.0,28.0,12,180.0,336.0,月薪,预处理|补全前项k|补全后项k|正常解析
13k-18k·15薪,13.0,18.0,15,195.0,270.0,月薪,预处理|补全前项k|补全后项k|提取k后薪数|正常解析
18k-32k,18.0,32.0,12,216.0,384.0,月薪,预处理|补全前项k|补全后项k|正常解析
7k-10k·14薪,7.0,10.0,14,98.0,140.0,月薪,预处理|补全前项k|补全后项k|提取k后薪数|正常解析
3k-6k·13薪,3.0,6.0,13,39.0,78.0,月薪,预处理|补全前项k|补全后项k|提取k后薪数|正常解析
8k-15k·14薪,8.0,15.0,14,112.0,210.0,月薪,预处理|补全前项k|补全后项k|提取k后薪数|正常解析
6k-10k·13薪,6.0,10.0,13,78.0,130.0,月薪,预处理|补全前项k|补全后项k|提取k后薪数|正常解析
25k-35k·16薪,25.0,35.0,16,400.0,560.0,月薪,预处理|补全前项k|补全后项k|提取k后薪数|正常解析
5k-10k·13薪,5.0,10.0,13,65.0,130.0,月薪,预处理|补全前项k|补全后项k|提取k后薪数|正常解析
7k-12k·14薪,7.0,12.0,14,98.0,168.0,月薪,预处理|补全前项k|补全后项k|提取k后薪数|正常解析
7k-11k·15薪,7.0,11.0,15,105.0,165.0,月薪,预处理|补全前项k|补全后项k|提取k后薪数|正常解析
14k-28k,14.0,28.0,12,168.0,336.0,月薪,预处理|补全前项k|补全后项k|正常解析
9k-12k·15薪,9.0,12.0,15,135.0,180.0,月薪,预处理|补全前项k|补全后项k|提取k后薪数|正常解析
11k-12k·13薪,11.0,12.0,13,143.0,156.0,月薪,预处理|补全前项k|补全后项k|提取k后薪数|正常解析
15k-19k,15.0,19.0,12,180.0,228.0,月薪,预处理|补全前项k|补全后项k|正常解析
15k-25k·14薪,15.0,25.0,14,210.0,350.0,月薪,预处理|补全前项k|补全后项k|提取k后薪数|正常解析
13k-20k·14薪,13.0,20.0,14,182.0,280.0,月薪,预处理|补全前项k|补全后项k|提取k后薪数|正常解析
6k-9k·13薪,6.0,9.0,13,78.0,117.0,月薪,预处理|补全前项k|补全后项k|提取k后薪数|正常解析
4k-5k·14薪,4.0,5.0,14,56.0,70.0,月薪,预处理|补全前项k|补全后项k|提取k后薪数|正常解析
3k-6k·15薪,3.0,6.0,15,45.0,90.0,月薪,预处理|补全前项k|补全后项k|提取k后薪数|正常解析
3k-5k·13薪,3.0,5.0,13,39.0,65.0,月薪,预处理|补全前项k|补全后项k|提取k后薪数|正常解析
5k-9k,5.0,9.0,12,60.0,108.0,月薪,预处理|补全前项k|补全后项k|正常解析
11k-22k,11.0,22.0,12,132.0,264.0,月薪,预处理|补全前项k|补全后项k|正常解析
7k-13k·13薪,7.0,13.0,13,91.0,169.0,月薪,预处理|补全前项k|补全后项k|提取k后薪数|正常解析
7k-14k·13薪,7.0,14.0,13,91.0,182.0,月薪,预处理|补全前项k|补全后项k|提取k后薪数|正常解析
8k-12k·17薪,8.0,12.0,17,136.0,204.0,月薪,预处理|补全前项k|补全后项k|提取k后薪数|正常解析
2K-3K,2.0,3.0,12,24.0,36.0,月薪,预处理|补全前项k|补全后项k|正常解析
7k-8k·13薪,7.0,8.0,13,91.0,104.0,月薪,预处理|补全前项k|补全后项k|提取k后薪数|正常解析
6k-9k·14薪,6.0,9.0,14,84.0,126.0,月薪,预处理|补全前项k|补全后项k|提取k后薪数|正常解析
4k-6k·15薪,4.0,6.0,15,60.0,90.0,月薪,预处理|补全前项k|补全后项k|提取k后薪数|正常解析
3k-6k·14薪,3.0,6.0,14,42.0,84.0,月薪,预处理|补全前项k|补全后项k|提取k后薪数|正常解析
3k-5k·14薪,3.0,5.0,14,42.0,70.0,月薪,预处理|补全前项k|补全后项k|提取k后薪数|正常解析
4k-6k·14薪,4.0,6.0,14,56.0,84.0,月薪,预处理|补全前项k|补全后项k|提取k后薪数|正常解析
5k-10k·14薪,5.0,10.0,14,70.0,140.0,月薪,预处理|补全前项k|补全后项k|提取k后薪数|正常解析
13k-16k·16薪,13.0,16.0,16,208.0,256.0,月薪,预处理|补全前项k|补全后项k|提取k后薪数|正常解析
100k-100k,100.0,100.0,12,1200.0,1200.0,月薪,预处理|补全前项k|补全后项k|正常解析
9k-14k,9.0,14.0,12,108.0,168.0,月薪,预处理|补全前项k|补全后项k|正常解析
4k-8k·14薪,4.0,8.0,14,56.0,112.0,月薪,预处理|补全前项k|补全后项k|提取k后薪数|正常解析
9k-13k·13薪,9.0,13.0,13,117.0,169.0,月薪,预处理|补全前项k|补全后项k|提取k后薪数|正常解析
9k-16k,9.0,16.0,12,108.0,192.0,月薪,预处理|补全前项k|补全后项k|正常解析
8k-13k·13薪,8.0,13.0,13,104.0,169.0,月薪,预处理|补全前项k|补全后项k|提取k后薪数|正常解析
8k-10k·13薪,8.0,10.0,13,104.0,130.0,月薪,预处理|补全前项k|补全后项k|提取k后薪数|正常解析
3k-4k·13薪,3.0,4.0,13,39.0,52.0,月薪,预处理|补全前项k|补全后项k|提取k后薪数|正常解析
13k-16k·13薪,13.0,16.0,13,169.0,208.0,月薪,预处理|补全前项k|补全后项k|提取k后薪数|正常解析
9k-12k,9.0,12.0,12,108.0,144.0,月薪,预处理|补全前项k|补全后项k|正常解析
13k-15k·13薪,13.0,15.0,13,169.0,195.0,月薪,预处理|补全前项k|补全后项k|提取k后薪数|正常解析
20k-30k·14薪,20.0,30.0,14,280.0,420.0,月薪,预处理|补全前项k|补全后项k|提取k后薪数|正常解析
10k-20k·13薪,10.0,20.0,13,130.0,260.0,月薪,预处理|补全前项k|补全后项k|提取k后薪数|正常解析
11k-16k·13薪,11.0,16.0,13,143.0,208.0,月薪,预处理|补全前项k|补全后项k|提取k后薪数|正常解析
11k-13k·13薪,11.0,13.0,13,143.0,169.0,月薪,预处理|补全前项k|补全后项k|提取k后薪数|正常解析
9k-10k,9.0,10.0,12,108.0,120.0,月薪,预处理|补全前项k|补全后项k|正常解析
12k-16k,12.0,16.0,12,144.0,192.0,月薪,预处理|补全前项k|补全后项k|正常解析
10k-16k·16薪,10.0,16.0,16,160.0,256.0,月薪,预处理|补全前项k|补全后项k|提取k后薪数|正常解析
13k-20k,13.0,20.0,12,156.0,240.0,月薪,预处理|补全前项k|补全后项k|正常解析
15k-20k·14薪,15.0,20.0,14,210.0,280.0,月薪,预处理|补全前项k|补全后项k|提取k后薪数|正常解析
12k-18k,12.0,18.0,12,144.0,216.0,月薪,预处理|补全前项k|补全后项k|正常解析
12k-20k·13薪,12.0,20.0,13,156.0,260.0,月薪,预处理|补全前项k|补全后项k|提取k后薪数|正常解析
20k-40k·16薪,20.0,40.0,16,320.0,640.0,月薪,预处理|补全前项k|补全后项k|提取k后薪数|正常解析
18k-28k·14薪,18.0,28.0,14,252.0,392.0,月薪,预处理|补全前项k|补全后项k|提取k后薪数|正常解析
12k-18k·15薪,12.0,18.0,15,180.0,270.0,月薪,预处理|补全前项k|补全后项k|提取k后薪数|正常解析
15k-25k·18薪,15.0,25.0,18,270.0,450.0,月薪,预处理|补全前项k|补全后项k|提取k后薪数|正常解析
12k-24k·18薪,12.0,24.0,18,216.0,432.0,月薪,预处理|补全前项k|补全后项k|提取k后薪数|正常解析
13k-25k·13薪,13.0,25.0,13,169.0,325.0,月薪,预处理|补全前项k|补全后项k|提取k后薪数|正常解析
14k-20k·18薪,14.0,20.0,18,252.0,360.0,月薪,预处理|补全前项k|补全后项k|提取k后薪数|正常解析
12k-18k·18薪,12.0,18.0,18,216.0,324.0,月薪,预处理|补全前项k|补全后项k|提取k后薪数|正常解析
12k-18k·13薪,12.0,18.0,13,156.0,234.0,月薪,预处理|补全前项k|补全后项k|提取k后薪数|正常解析
14k-28k·18薪,14.0,28.0,18,252.0,504.0,月薪,预处理|补全前项k|补全后项k|提取k后薪数|正常解析
8k-15k·18薪,8.0,15.0,18,144.0,270.0,月薪,预处理|补全前项k|补全后项k|提取k后薪数|正常解析
10k-20k·18薪,10.0,20.0,18,180.0,360.0,月薪,预处理|补全前项k|补全后项k|提取k后薪数|正常解析
13k-18k·18薪,13.0,18.0,18,234.0,324.0,月薪,预处理|补全前项k|补全后项k|提取k后薪数|正常解析
12k-23k·13薪,12.0,23.0,13,156.0,299.0,月薪,预处理|补全前项k|补全后项k|提取k后薪数|正常解析
20k-25k,20.0,25.0,12,240.0,300.0,月薪,预处理|补全前项k|补全后项k|正常解析
18k-25k·14薪,18.0,25.0,14,252.0,350.0,月薪,预处理|补全前项k|补全后项k|提取k后薪数|正常解析
11k-17k·15薪,11.0,17.0,15,165.0,255.0,月薪,预处理|补全前项k|补全后项k|提取k后薪数|正常解析
14k-20k·15薪,14.0,20.0,15,210.0,300.0,月薪,预处理|补全前项k|补全后项k|提取k后薪数|正常解析
25k-40k,25.0,40.0,12,300.0,480.0,月薪,预处理|补全前项k|补全后项k|正常解析
12k-24k·14薪,12.0,24.0,14,168.0,336.0,月薪,预处理|补全前项k|补全后项k|提取k后薪数|正常解析
30k-60k·13薪,30.0,60.0,13,390.0,780.0,月薪,预处理|补全前项k|补全后项k|提取k后薪数|正常解析
10k-14k,10.0,14.0,12,120.0,168.0,月薪,预处理|补全前项k|补全后项k|正常解析
15k-18k,15.0,18.0,12,180.0,216.0,月薪,预处理|补全前项k|补全后项k|正常解析
18k-22k,18.0,22.0,12,216.0,264.0,月薪,预处理|补全前项k|补全后项k|正常解析
20k-40k·13薪,20.0,40.0,13,260.0,520.0,月薪,预处理|补全前项k|补全后项k|提取k后薪数|正常解析
8k-9k,8.0,9.0,12,96.0,108.0,月薪,预处理|补全前项k|补全后项k|正常解析
12k-22k·14薪,12.0,22.0,14,168.0,308.0,月薪,预处理|补全前项k|补全后项k|提取k后薪数|正常解析
6k-7k·15薪,6.0,7.0,15,90.0,105.0,月薪,预处理|补全前项k|补全后项k|提取k后薪数|正常解析
150k-300k,150.0,300.0,12,1800.0,3600.0,月薪,预处理|补全前项k|补全后项k|正常解析
7k-14k·15薪,7.0,14.0,15,105.0,210.0,月薪,预处理|补全前项k|补全后项k|提取k后薪数|正常解析
14k-15k,14.0,15.0,12,168.0,180.0,月薪,预处理|补全前项k|补全后项k|正常解析
13k-17k,13.0,17.0,12,156.0,204.0,月薪,预处理|补全前项k|补全后项k|正常解析
12k-23k,12.0,23.0,12,144.0,276.0,月薪,预处理|补全前项k|补全后项k|正常解析
30k-50k·14薪,30.0,50.0,14,420.0,700.0,月薪,预处理|补全前项k|补全后项k|提取k后薪数|正常解析
11k-12k,11.0,12.0,12,132.0,144.0,月薪,预处理|补全前项k|补全后项k|正常解析
5K-10K,5.0,10.0,12,60.0,120.0,月薪,预处理|补全前项k|补全后项k|正常解析
25k-50k·16薪,25.0,50.0,16,400.0,800.0,月薪,预处理|补全前项k|补全后项k|提取k后薪数|正常解析
12k-20k·16薪,12.0,20.0,16,192.0,320.0,月薪,预处理|补全前项k|补全后项k|提取k后薪数|正常解析
18k-36k,18.0,36.0,12,216.0,432.0,月薪,预处理|补全前项k|补全后项k|正常解析
15k-22k·13薪,15.0,22.0,13,195.0,286.0,月薪,预处理|补全前项k|补全后项k|提取k后薪数|正常解析
11k-20k,11.0,20.0,12,132.0,240.0,月薪,预处理|补全前项k|补全后项k|正常解析
18k-30k·13薪,18.0,30.0,13,234.0,390.0,月薪,预处理|补全前项k|补全后项k|提取k后薪数|正常解析
150k-180k,150.0,180.0,12,1800.0,2160.0,月薪,预处理|补全前项k|补全后项k|正常解析
10k-15k·16薪,10.0,15.0,16,160.0,240.0,月薪,预处理|补全前项k|补全后项k|提取k后薪数|正常解析
18k-30k·14薪,18.0,30.0,14,252.0,420.0,月薪,预处理|补全前项k|补全后项k|提取k后薪数|正常解析
12k-14k,12.0,14.0,12,144.0,168.0,月薪,预处理|补全前项k|补全后项k|正常解析
12k-22k·18薪,12.0,22.0,18,216.0,396.0,月薪,预处理|补全前项k|补全后项k|提取k后薪数|正常解析
50k-80k,50.0,80.0,12,600.0,960.0,月薪,预处理|补全前项k|补全后项k|正常解析
5k-10k·15薪,5.0,10.0,15,75.0,150.0,月薪,预处理|补全前项k|补全后项k|提取k后薪数|正常解析
12k-17k,12.0,17.0,12,144.0,204.0,月薪,预处理|补全前项k|补全后项k|正常解析
50k-85k,50.0,85.0,12,600.0,1020.0,月薪,预处理|补全前项k|补全后项k|正常解析
7k-8k·15薪,7.0,8.0,15,105.0,120.0,月薪,预处理|补全前项k|补全后项k|提取k后薪数|正常解析
8k-10k·14薪,8.0,10.0,14,112.0,140.0,月薪,预处理|补全前项k|补全后项k|提取k后薪数|正常解析
35k-60k·16薪,35.0,60.0,16,560.0,960.0,月薪,预处理|补全前项k|补全后项k|提取k后薪数|正常解析
20k-30k·13薪,20.0,30.0,13,260.0,390.0,月薪,预处理|补全前项k|补全后项k|提取k后薪数|正常解析
30k-45k,30.0,45.0,12,360.0,540.0,月薪,预处理|补全前项k|补全后项k|正常解析
55k-100k,55.0,100.0,12,660.0,1200.0,月薪,预处理|补全前项k|补全后项k|正常解析
28k-35k·14薪,28.0,35.0,14,392.0,490.0,月薪,预处理|补全前项k|补全后项k|提取k后薪数|正常解析
30k-40k,30.0,40.0,12,360.0,480.0,月薪,预处理|补全前项k|补全后项k|正常解析
35k-50k,35.0,50.0,12,420.0,600.0,月薪,预处理|补全前项k|补全后项k|正常解析
30k-45k·13薪,30.0,45.0,13,390.0,585.0,月薪,预处理|补全前项k|补全后项k|提取k后薪数|正常解析
20k-35k,20.0,35.0,12,240.0,420.0,月薪,预处理|补全前项k|补全后项k|正常解析
70k-72k,70.0,72.0,12,840.0,864.0,月薪,预处理|补全前项k|补全后项k|正常解析
70k-75k,70.0,75.0,12,840.0,900.0,月薪,预处理|补全前项k|补全后项k|正常解析
30k-60k·20薪,30.0,60.0,20,600.0,1200.0,月薪,预处理|补全前项k|补全后项k|提取k后薪数|正常解析
30k-60k·15薪,30.0,60.0,15,450.0,900.0,月薪,预处理|补全前项k|补全后项k|提取k后薪数|正常解析
25k-30k,25.0,30.0,12,300.0,360.0,月薪,预处理|补全前项k|补全后项k|正常解析
30k-40k·15薪,30.0,40.0,15,450.0,600.0,月薪,预处理|补全前项k|补全后项k|提取k后薪数|正常解析
65k-95k,65.0,95.0,12,780.0,1140.0,月薪,预处理|补全前项k|补全后项k|正常解析
36k-45k,36.0,45.0,12,432.0,540.0,月薪,预处理|补全前项k|补全后项k|正常解析
10k-13k·15薪,10.0,13.0,15,150.0,195.0,月薪,预处理|补全前项k|补全后项k|提取k后薪数|正常解析
8k-13k·14薪,8.0,13.0,14,112.0,182.0,月薪,预处理|补全前项k|补全后项k|提取k后薪数|正常解析
35k-70k,35.0,70.0,12,420.0,840.0,月薪,预处理|补全前项k|补全后项k|正常解析
12k-24k·13薪,12.0,24.0,13,156.0,312.0,月薪,预处理|补全前项k|补全后项k|提取k后薪数|正常解析
5k-9k·13薪,5.0,9.0,13,65.0,117.0,月薪,预处理|补全前项k|补全后项k|提取k后薪数|正常解析
10k-20k·16薪,10.0,20.0,16,160.0,320.0,月薪,预处理|补全前项k|补全后项k|提取k后薪数|正常解析
9k-11k,9.0,11.0,12,108.0,132.0,月薪,预处理|补全前项k|补全后项k|正常解析
16k-26k,16.0,26.0,12,192.0,312.0,月薪,预处理|补全前项k|补全后项k|正常解析
16k-30k,16.0,30.0,12,192.0,360.0,月薪,预处理|补全前项k|补全后项k|正常解析
10k-13k,10.0,13.0,12,120.0,156.0,月薪,预处理|补全前项k|补全后项k|正常解析
14k-17k,14.0,17.0,12,168.0,204.0,月薪,预处理|补全前项k|补全后项k|正常解析
13k-22k,13.0,22.0,12,156.0,264.0,月薪,预处理|补全前项k|补全后项k|正常解析
23k-46k,23.0,46.0,12,276.0,552.0,月薪,预处理|补全前项k|补全后项k|正常解析
10k-17k·13薪,10.0,17.0,13,130.0,221.0,月薪,预处理|补全前项k|补全后项k|提取k后薪数|正常解析
18k-35k,18.0,35.0,12,216.0,420.0,月薪,预处理|补全前项k|补全后项k|正常解析
20k-35k·16薪,20.0,35.0,16,320.0,560.0,月薪,预处理|补全前项k|补全后项k|提取k后薪数|正常解析
9k-18k·15薪,9.0,18.0,15,135.0,270.0,月薪,预处理|补全前项k|补全后项k|提取k后薪数|正常解析
10k-20k·14薪,10.0,20.0,14,140.0,280.0,月薪,预处理|补全前项k|补全后项k|提取k后薪数|正常解析
32k-52k,32.0,52.0,12,384.0,624.0,月薪,预处理|补全前项k|补全后项k|正常解析
25k-50k·18薪,25.0,50.0,18,450.0,900.0,月薪,预处理|补全前项k|补全后项k|提取k后薪数|正常解析
25k-40k·14薪,25.0,40.0,14,350.0,560.0,月薪,预处理|补全前项k|补全后项k|提取k后薪数|正常解析
15k-30k·15薪,15.0,30.0,15,225.0,450.0,月薪,预处理|补全前项k|补全后项k|提取k后薪数|正常解析
18k-28k·15薪,18.0,28.0,15,270.0,420.0,月薪,预处理|补全前项k|补全后项k|提取k后薪数|正常解析
20k-40k·24薪,20.0,40.0,24,480.0,960.0,月薪,预处理|补全前项k|补全后项k|提取k后薪数|正常解析
25k-30k·15薪,25.0,30.0,15,375.0,450.0,月薪,预处理|补全前项k|补全后项k|提取k后薪数|正常解析
12k-20k·19薪,12.0,20.0,19,228.0,380.0,月薪,预处理|补全前项k|补全后项k|提取k后薪数|正常解析
12k-20k·15薪,12.0,20.0,15,180.0,300.0,月薪,预处理|补全前项k|补全后项k|提取k后薪数|正常解析
12k-17k·14薪,12.0,17.0,14,168.0,238.0,月薪,预处理|补全前项k|补全后项k|提取k后薪数|正常解析
13k-26k,13.0,26.0,12,156.0,312.0,月薪,预处理|补全前项k|补全后项k|正常解析
18k-25k,18.0,25.0,12,216.0,300.0,月薪,预处理|补全前项k|补全后项k|正常解析
16k-20k,16.0,20.0,12,192.0,240.0,月薪,预处理|补全前项k|补全后项k|正常解析
25k-30k·13薪,25.0,30.0,13,325.0,390.0,月薪,预处理|补全前项k|补全后项k|提取k后薪数|正常解析
9K-18K,9.0,18.0,12,108.0,216.0,月薪,预处理|补全前项k|补全后项k|正常解析
12k-15k·13薪,12.0,15.0,13,156.0,195.0,月薪,预处理|补全前项k|补全后项k|提取k后薪数|正常解析
11k-17k·14薪,11.0,17.0,14,154.0,238.0,月薪,预处理|补全前项k|补全后项k|提取k后薪数|正常解析
30k-50k·15薪,30.0,50.0,15,450.0,750.0,月薪,预处理|补全前项k|补全后项k|提取k后薪数|正常解析
18k-28k,18.0,28.0,12,216.0,336.0,月薪,预处理|补全前项k|补全后项k|正常解析
20k-38k,20.0,38.0,12,240.0,456.0,月薪,预处理|补全前项k|补全后项k|正常解析
20k-40k·14薪,20.0,40.0,14,280.0,560.0,月薪,预处理|补全前项k|补全后项k|提取k后薪数|正常解析
15k-23k·13薪,15.0,23.0,13,195.0,299.0,月薪,预处理|补全前项k|补全后项k|提取k后薪数|正常解析
25k-35k·13薪,25.0,35.0,13,325.0,455.0,月薪,预处理|补全前项k|补全后项k|提取k后薪数|正常解析
20k-35k·13薪,20.0,35.0,13,260.0,455.0,月薪,预处理|补全前项k|补全后项k|提取k后薪数|正常解析
17k-30k,17.0,30.0,12,204.0,360.0,月薪,预处理|补全前项k|补全后项k|正常解析
11k-18k·13薪,11.0,18.0,13,143.0,234.0,月薪,预处理|补全前项k|补全后项k|提取k后薪数|正常解析
18k-25k·13薪,18.0,25.0,13,234.0,325.0,月薪,预处理|补全前项k|补全后项k|提取k后薪数|正常解析
11k-22k·13薪,11.0,22.0,13,143.0,286.0,月薪,预处理|补全前项k|补全后项k|提取k后薪数|正常解析
18k-30k·15薪,18.0,30.0,15,270.0,450.0,月薪,预处理|补全前项k|补全后项k|提取k后薪数|正常解析
18k-35k·20薪,18.0,35.0,20,360.0,700.0,月薪,预处理|补全前项k|补全后项k|提取k后薪数|正常解析
30k-40k·20薪,30.0,40.0,20,600.0,800.0,月薪,预处理|补全前项k|补全后项k|提取k后薪数|正常解析
15k-22k,15.0,22.0,12,180.0,264.0,月薪,预处理|补全前项k|补全后项k|正常解析
6k-10k·14薪,6.0,10.0,14,84.0,140.0,月薪,预处理|补全前项k|补全后项k|提取k后薪数|正常解析
13k-23k,13.0,23.0,12,156.0,276.0,月薪,预处理|补全前项k|补全后项k|正常解析
13k-17k·13薪,13.0,17.0,13,169.0,221.0,月薪,预处理|补全前项k|补全后项k|提取k后薪数|正常解析
11k-17k·16薪,11.0,17.0,16,176.0,272.0,月薪,预处理|补全前项k|补全后项k|提取k后薪数|正常解析
20k-25k·13薪,20.0,25.0,13,260.0,325.0,月薪,预处理|补全前项k|补全后项k|提取k后薪数|正常解析
16k-22k·13薪,16.0,22.0,13,208.0,286.0,月薪,预处理|补全前项k|补全后项k|提取k后薪数|正常解析
10k-18k·13薪,10.0,18.0,13,130.0,234.0,月薪,预处理|补全前项k|补全后项k|提取k后薪数|正常解析
13k-26k·13薪,13.0,26.0,13,169.0,338.0,月薪,预处理|补全前项k|补全后项k|提取k后薪数|正常解析
18k-28k·13薪,18.0,28.0,13,234.0,364.0,月薪,预处理|补全前项k|补全后项k|提取k后薪数|正常解析
13k-19k·13薪,13.0,19.0,13,169.0,247.0,月薪,预处理|补全前项k|补全后项k|提取k后薪数|正常解析
11k-13k,11.0,13.0,12,132.0,156.0,月薪,预处理|补全前项k|补全后项k|正常解析
4k-7k·13薪,4.0,7.0,13,52.0,91.0,月薪,预处理|补全前项k|补全后项k|提取k后薪数|正常解析
13k-20k·13薪,13.0,20.0,13,169.0,260.0,月薪,预处理|补全前项k|补全后项k|提取k后薪数|正常解析
11k-15k,11.0,15.0,12,132.0,180.0,月薪,预处理|补全前项k|补全后项k|正常解析
6k-12k·24薪,6.0,12.0,24,144.0,288.0,月薪,预处理|补全前项k|补全后项k|提取k后薪数|正常解析
9k-15k·15薪,9.0,15.0,15,135.0,225.0,月薪,预处理|补全前项k|补全后项k|提取k后薪数|正常解析
15k-21k,15.0,21.0,12,180.0,252.0,月薪,预处理|补全前项k|补全后项k|正常解析
8k-13k·24薪,8.0,13.0,24,192.0,312.0,月薪,预处理|补全前项k|补全后项k|提取k后薪数|正常解析
25k-37k·24薪,25.0,37.0,24,600.0,888.0,月薪,预处理|补全前项k|补全后项k|提取k后薪数|正常解析
15k-30k·21薪,15.0,30.0,21,315.0,630.0,月薪,预处理|补全前项k|补全后项k|提取k后薪数|正常解析
13k-19k,13.0,19.0,12,156.0,228.0,月薪,预处理|补全前项k|补全后项k|正常解析
40k-45k,40.0,45.0,12,480.0,540.0,月薪,预处理|补全前项k|补全后项k|正常解析
40k-50k,40.0,50.0,12,480.0,600.0,月薪,预处理|补全前项k|补全后项k|正常解析
13k-18k,13.0,18.0,12,156.0,216.0,月薪,预处理|补全前项k|补全后项k|正常解析
13k-21k·14薪,13.0,21.0,14,182.0,294.0,月薪,预处理|补全前项k|补全后项k|提取k后薪数|正常解析
42k-83k,42.0,83.0,12,504.0,996.0,月薪,预处理|补全前项k|补全后项k|正常解析
30k-60k·14薪,30.0,60.0,14,420.0,840.0,月薪,预处理|补全前项k|补全后项k|提取k后薪数|正常解析
25k-40k·13薪,25.0,40.0,13,325.0,520.0,月薪,预处理|补全前项k|补全后项k|提取k后薪数|正常解析
11k-18k,11.0,18.0,12,132.0,216.0,月薪,预处理|补全前项k|补全后项k|正常解析
16k-31k,16.0,31.0,12,192.0,372.0,月薪,预处理|补全前项k|补全后项k|正常解析
18k-31k,18.0,31.0,12,216.0,372.0,月薪,预处理|补全前项k|补全后项k|正常解析
10k-15k·20薪,10.0,15.0,20,200.0,300.0,月薪,预处理|补全前项k|补全后项k|提取k后薪数|正常解析
13k-18k·14薪,13.0,18.0,14,182.0,252.0,月薪,预处理|补全前项k|补全后项k|提取k后薪数|正常解析
10k-15k·24薪,10.0,15.0,24,240.0,360.0,月薪,预处理|补全前项k|补全后项k|提取k后薪数|正常解析
10k-20k·24薪,10.0,20.0,24,240.0,480.0,月薪,预处理|补全前项k|补全后项k|提取k后薪数|正常解析
20k-35k·14薪,20.0,35.0,14,280.0,490.0,月薪,预处理|补全前项k|补全后项k|提取k后薪数|正常解析
14k-27k,14.0,27.0,12,168.0,324.0,月薪,预处理|补全前项k|补全后项k|正常解析
25k-35k·15薪,25.0,35.0,15,375.0,525.0,月薪,预处理|补全前项k|补全后项k|提取k后薪数|正常解析
25k-40k·15薪,25.0,40.0,15,375.0,600.0,月薪,预处理|补全前项k|补全后项k|提取k后薪数|正常解析
30k-40k·16薪,30.0,40.0,16,480.0,640.0,月薪,预处理|补全前项k|补全后项k|提取k后薪数|正常解析
35k-50k·15薪,35.0,50.0,15,525.0,750.0,月薪,预处理|补全前项k|补全后项k|提取k后薪数|正常解析
20k-35k·15薪,20.0,35.0,15,300.0,525.0,月薪,预处理|补全前项k|补全后项k|提取k后薪数|正常解析
10k-20k·15薪,10.0,20.0,15,150.0,300.0,月薪,预处理|补全前项k|补全后项k|提取k后薪数|正常解析
12k-18k·14薪,12.0,18.0,14,168.0,252.0,月薪,预处理|补全前项k|补全后项k|提取k后薪数|正常解析
30k-60k·16薪,30.0,60.0,16,480.0,960.0,月薪,预处理|补全前项k|补全后项k|提取k后薪数|正常解析
13k-23k·13薪,13.0,23.0,13,169.0,299.0,月薪,预处理|补全前项k|补全后项k|提取k后薪数|正常解析
35k-60k·18薪,35.0,60.0,18,630.0,1080.0,月薪,预处理|补全前项k|补全后项k|提取k后薪数|正常解析
28k-56k·16薪,28.0,56.0,16,448.0,896.0,月薪,预处理|补全前项k|补全后项k|提取k后薪数|正常解析
6k-11k·13薪,6.0,11.0,13,78.0,143.0,月薪,预处理|补全前项k|补全后项k|提取k后薪数|正常解析
8k-14k·15薪,8.0,14.0,15,120.0,210.0,月薪,预处理|补全前项k|补全后项k|提取k后薪数|正常解析
25k-45k·15薪,25.0,45.0,15,375.0,675.0,月薪,预处理|补全前项k|补全后项k|提取k后薪数|正常解析
19k-38k·15薪,19.0,38.0,15,285.0,570.0,月薪,预处理|补全前项k|补全后项k|提取k后薪数|正常解析
28k-50k·14薪,28.0,50.0,14,392.0,700.0,月薪,预处理|补全前项k|补全后项k|提取k后薪数|正常解析
25k-50k·14薪,25.0,50.0,14,350.0,700.0,月薪,预处理|补全前项k|补全后项k|提取k后薪数|正常解析
13k-24k,13.0,24.0,12,156.0,288.0,月薪,预处理|补全前项k|补全后项k|正常解析
20k-39k,20.0,39.0,12,240.0,468.0,月薪,预处理|补全前项k|补全后项k|正常解析
11k-20k·15薪,11.0,20.0,15,165.0,300.0,月薪,预处理|补全前项k|补全后项k|提取k后薪数|正常解析
6k-11k·14薪,6.0,11.0,14,84.0,154.0,月薪,预处理|补全前项k|补全后项k|提取k后薪数|正常解析
25k-50k·13薪,25.0,50.0,13,325.0,650.0,月薪,预处理|补全前项k|补全后项k|提取k后薪数|正常解析
7k-11k·13薪,7.0,11.0,13,91.0,143.0,月薪,预处理|补全前项k|补全后项k|提取k后薪数|正常解析
25k-42k·14薪,25.0,42.0,14,350.0,588.0,月薪,预处理|补全前项k|补全后项k|提取k后薪数|正常解析
35k-55k·15薪,35.0,55.0,15,525.0,825.0,月薪,预处理|补全前项k|补全后项k|提取k后薪数|正常解析
7k-9k·15薪,7.0,9.0,15,105.0,135.0,月薪,预处理|补全前项k|补全后项k|提取k后薪数|正常解析
10k-11k,10.0,11.0,12,120.0,132.0,月薪,预处理|补全前项k|补全后项k|正常解析
40k-80k,40.0,80.0,12,480.0,960.0,月薪,预处理|补全前项k|补全后项k|正常解析
12k-21k,12.0,21.0,12,144.0,252.0,月薪,预处理|补全前项k|补全后项k|正常解析
12k-20k·24薪,12.0,20.0,24,288.0,480.0,月薪,预处理|补全前项k|补全后项k|提取k后薪数|正常解析
70k-100k,70.0,100.0,12,840.0,1200.0,月薪,预处理|补全前项k|补全后项k|正常解析
13k-15k,13.0,15.0,12,156.0,180.0,月薪,预处理|补全前项k|补全后项k|正常解析
15k-20k·17薪,15.0,20.0,17,255.0,340.0,月薪,预处理|补全前项k|补全后项k|提取k后薪数|正常解析
16k-25k·24薪,16.0,25.0,24,384.0,600.0,月薪,预处理|补全前项k|补全后项k|提取k后薪数|正常解析
11k-16k,11.0,16.0,12,132.0,192.0,月薪,预处理|补全前项k|补全后项k|正常解析
30k-35k,30.0,35.0,12,360.0,420.0,月薪,预处理|补全前项k|补全后项k|正常解析
40k-80k·15薪,40.0,80.0,15,600.0,1200.0,月薪,预处理|补全前项k|补全后项k|提取k后薪数|正常解析
50k-100k·15薪,50.0,100.0,15,750.0,1500.0,月薪,预处理|补全前项k|补全后项k|提取k后薪数|正常解析
51k-98k,51.0,98.0,12,612.0,1176.0,月薪,预处理|补全前项k|补全后项k|正常解析
6k-10k·18薪,6.0,10.0,18,108.0,180.0,月薪,预处理|补全前项k|补全后项k|提取k后薪数|正常解析
22k-35k·15薪,22.0,35.0,15,330.0,525.0,月薪,预处理|补全前项k|补全后项k|提取k后薪数|正常解析
80k-120k·18薪,80.0,120.0,18,1440.0,2160.0,月薪,预处理|补全前项k|补全后项k|提取k后薪数|正常解析
65k-130k,65.0,130.0,12,780.0,1560.0,月薪,预处理|补全前项k|补全后项k|正常解析
60k-90k,60.0,90.0,12,720.0,1080.0,月薪,预处理|补全前项k|补全后项k|正常解析
15k-16k,15.0,16.0,12,180.0,192.0,月薪,预处理|补全前项k|补全后项k|正常解析
8k-13k·15薪,8.0,13.0,15,120.0,195.0,月薪,预处理|补全前项k|补全后项k|提取k后薪数|正常解析
25k-30k·14薪,25.0,30.0,14,350.0,420.0,月薪,预处理|补全前项k|补全后项k|提取k后薪数|正常解析
5k-7k·14薪,5.0,7.0,14,70.0,98.0,月薪,预处理|补全前项k|补全后项k|提取k后薪数|正常解析
6k-11k·24薪,6.0,11.0,24,144.0,264.0,月薪,预处理|补全前项k|补全后项k|提取k后薪数|正常解析
15k-25k·24薪,15.0,25.0,24,360.0,600.0,月薪,预处理|补全前项k|补全后项k|提取k后薪数|正常解析
15k-30k·17薪,15.0,30.0,17,255.0,510.0,月薪,预处理|补全前项k|补全后项k|提取k后薪数|正常解析
25k-35k,25.0,35.0,12,300.0,420.0,月薪,预处理|补全前项k|补全后项k|正常解析
23k-45k,23.0,45.0,12,276.0,540.0,月薪,预处理|补全前项k|补全后项k|正常解析
35k-60k,35.0,60.0,12,420.0,720.0,月薪,预处理|补全前项k|补全后项k|正常解析
6k-10k·24薪,6.0,10.0,24,144.0,240.0,月薪,预处理|补全前项k|补全后项k|提取k后薪数|正常解析
10K-20K,10.0,20.0,12,120.0,240.0,月薪,预处理|补全前项k|补全后项k|正常解析
10k-19k,10.0,19.0,12,120.0,228.0,月薪,预处理|补全前项k|补全后项k|正常解析
24k-35k,24.0,35.0,12,288.0,420.0,月薪,预处理|补全前项k|补全后项k|正常解析
25k-50k·15薪,25.0,50.0,15,375.0,750.0,月薪,预处理|补全前项k|补全后项k|提取k后薪数|正常解析
50k-60k,50.0,60.0,12,600.0,720.0,月薪,预处理|补全前项k|补全后项k|正常解析
35k-65k·16薪,35.0,65.0,16,560.0,1040.0,月薪,预处理|补全前项k|补全后项k|提取k后薪数|正常解析
16k-25k,16.0,25.0,12,192.0,300.0,月薪,预处理|补全前项k|补全后项k|正常解析
15k-30k·18薪,15.0,30.0,18,270.0,540.0,月薪,预处理|补全前项k|补全后项k|提取k后薪数|正常解析
20k-28k·18薪,20.0,28.0,18,360.0,504.0,月薪,预处理|补全前项k|补全后项k|提取k后薪数|正常解析
10k-15k·18薪,10.0,15.0,18,180.0,270.0,月薪,预处理|补全前项k|补全后项k|提取k后薪数|正常解析
15k-26k,15.0,26.0,12,180.0,312.0,月薪,预处理|补全前项k|补全后项k|正常解析
15k-20k·15薪,15.0,20.0,15,225.0,300.0,月薪,预处理|补全前项k|补全后项k|提取k后薪数|正常解析
9K-15K,9.0,15.0,12,108.0,180.0,月薪,预处理|补全前项k|补全后项k|正常解析
6k-7k·14薪,6.0,7.0,14,84.0,98.0,月薪,预处理|补全前项k|补全后项k|提取k后薪数|正常解析
19k-20k,19.0,20.0,12,228.0,240.0,月薪,预处理|补全前项k|补全后项k|正常解析
10k-17k,10.0,17.0,12,120.0,204.0,月薪,预处理|补全前项k|补全后项k|正常解析
14k-22k,14.0,22.0,12,168.0,264.0,月薪,预处理|补全前项k|补全后项k|正常解析
42k-80k,42.0,80.0,12,504.0,960.0,月薪,预处理|补全前项k|补全后项k|正常解析
11k-14k,11.0,14.0,12,132.0,168.0,月薪,预处理|补全前项k|补全后项k|正常解析
60k-120k,60.0,120.0,12,720.0,1440.0,月薪,预处理|补全前项k|补全后项k|正常解析
14k-18k,14.0,18.0,12,168.0,216.0,月薪,预处理|补全前项k|补全后项k|正常解析
20k-32k,20.0,32.0,12,240.0,384.0,月薪,预处理|补全前项k|补全后项k|正常解析
35k-40k,35.0,40.0,12,420.0,480.0,月薪,预处理|补全前项k|补全后项k|正常解析
18k-22k·13薪,18.0,22.0,13,234.0,286.0,月薪,预处理|补全前项k|补全后项k|提取k后薪数|正常解析
11k-17k,11.0,17.0,12,132.0,204.0,月薪,预处理|补全前项k|补全后项k|正常解析
15k-27k,15.0,27.0,12,180.0,324.0,月薪,预处理|补全前项k|补全后项k|正常解析
13k-25k·24薪,13.0,25.0,24,312.0,600.0,月薪,预处理|补全前项k|补全后项k|提取k后薪数|正常解析
18k-36k·16薪,18.0,36.0,16,288.0,576.0,月薪,预处理|补全前项k|补全后项k|提取k后薪数|正常解析
10k-12k·17薪,10.0,12.0,17,170.0,204.0,月薪,预处理|补全前项k|补全后项k|提取k后薪数|正常解析
40k-70k,40.0,70.0,12,480.0,840.0,月薪,预处理|补全前项k|补全后项k|正常解析
15k-30k·24薪,15.0,30.0,24,360.0,720.0,月薪,预处理|补全前项k|补全后项k|提取k后薪数|正常解析
15k-18k·13薪,15.0,18.0,13,195.0,234.0,月薪,预处理|补全前项k|补全后项k|提取k后薪数|正常解析
15k-30k·19薪,15.0,30.0,19,285.0,570.0,月薪,预处理|补全前项k|补全后项k|提取k后薪数|正常解析
6k-10k·15薪,6.0,10.0,15,90.0,150.0,月薪,预处理|补全前项k|补全后项k|提取k后薪数|正常解析
45k-55k,45.0,55.0,12,540.0,660.0,月薪,预处理|补全前项k|补全后项k|正常解析
50k-66k,50.0,66.0,12,600.0,792.0,月薪,预处理|补全前项k|补全后项k|正常解析
12k-13k·13薪,12.0,13.0,13,156.0,169.0,月薪,预处理|补全前项k|补全后项k|提取k后薪数|正常解析
25k-40k·16薪,25.0,40.0,16,400.0,640.0,月薪,预处理|补全前项k|补全后项k|提取k后薪数|正常解析
20k-24k,20.0,24.0,12,240.0,288.0,月薪,预处理|补全前项k|补全后项k|正常解析
13k-26k·17薪,13.0,26.0,17,221.0,442.0,月薪,预处理|补全前项k|补全后项k|提取k后薪数|正常解析
25k-45k·16薪,25.0,45.0,16,400.0,720.0,月薪,预处理|补全前项k|补全后项k|提取k后薪数|正常解析
15k-30k·20薪,15.0,30.0,20,300.0,600.0,月薪,预处理|补全前项k|补全后项k|提取k后薪数|正常解析
10k-16k·13薪,10.0,16.0,13,130.0,208.0,月薪,预处理|补全前项k|补全后项k|提取k后薪数|正常解析
13k-26k·14薪,13.0,26.0,14,182.0,364.0,月薪,预处理|补全前项k|补全后项k|提取k后薪数|正常解析
12k-18k·24薪,12.0,18.0,24,288.0,432.0,月薪,预处理|补全前项k|补全后项k|提取k后薪数|正常解析
13k-23k·18薪,13.0,23.0,18,234.0,414.0,月薪,预处理|补全前项k|补全后项k|提取k后薪数|正常解析
16k-32k,16.0,32.0,12,192.0,384.0,月薪,预处理|补全前项k|补全后项k|正常解析
27k-54k,27.0,54.0,12,324.0,648.0,月薪,预处理|补全前项k|补全后项k|正常解析
11k-17k·13薪,11.0,17.0,13,143.0,221.0,月薪,预处理|补全前项k|补全后项k|提取k后薪数|正常解析
20k-21k,20.0,21.0,12,240.0,252.0,月薪,预处理|补全前项k|补全后项k|正常解析
20k-35k·17薪,20.0,35.0,17,340.0,595.0,月薪,预处理|补全前项k|补全后项k|提取k后薪数|正常解析
10k-14k·13薪,10.0,14.0,13,130.0,182.0,月薪,预处理|补全前项k|补全后项k|提取k后薪数|正常解析
20k-25k·16薪,20.0,25.0,16,320.0,400.0,月薪,预处理|补全前项k|补全后项k|提取k后薪数|正常解析
25k-35k·14薪,25.0,35.0,14,350.0,490.0,月薪,预处理|补全前项k|补全后项k|提取k后薪数|正常解析
10K-15K,10.0,15.0,12,120.0,180.0,月薪,预处理|补全前项k|补全后项k|正常解析
15k-16k·13薪,15.0,16.0,13,195.0,208.0,月薪,预处理|补全前项k|补全后项k|提取k后薪数|正常解析
12k-18k·16薪,12.0,18.0,16,192.0,288.0,月薪,预处理|补全前项k|补全后项k|提取k后薪数|正常解析
14k-16k·13薪,14.0,16.0,13,182.0,208.0,月薪,预处理|补全前项k|补全后项k|提取k后薪数|正常解析
14k-18k·13薪,14.0,18.0,13,182.0,234.0,月薪,预处理|补全前项k|补全后项k|提取k后薪数|正常解析
15k-25k·17薪,15.0,25.0,17,255.0,425.0,月薪,预处理|补全前项k|补全后项k|提取k后薪数|正常解析
10k-18k·14薪,10.0,18.0,14,140.0,252.0,月薪,预处理|补全前项k|补全后项k|提取k后薪数|正常解析
8K-16K,8.0,16.0,12,96.0,192.0,月薪,预处理|补全前项k|补全后项k|正常解析
50k-63k·13薪,50.0,63.0,13,650.0,819.0,月薪,预处理|补全前项k|补全后项k|提取k后薪数|正常解析
18k-36k·13薪,18.0,36.0,13,234.0,468.0,月薪,预处理|补全前项k|补全后项k|提取k后薪数|正常解析
14k-20k,14.0,20.0,12,168.0,240.0,月薪,预处理|补全前项k|补全后项k|正常解析
14k-25k·14薪,14.0,25.0,14,196.0,350.0,月薪,预处理|补全前项k|补全后项k|提取k后薪数|正常解析
6k-8k·14薪,6.0,8.0,14,84.0,112.0,月薪,预处理|补全前项k|补全后项k|提取k后薪数|正常解析
17k-30k·13薪,17.0,30.0,13,221.0,390.0,月薪,预处理|补全前项k|补全后项k|提取k后薪数|正常解析
25k-45k·13薪,25.0,45.0,13,325.0,585.0,月薪,预处理|补全前项k|补全后项k|提取k后薪数|正常解析
2k-4k·15薪,2.0,4.0,15,30.0,60.0,月薪,预处理|补全前项k|补全后项k|提取k后薪数|正常解析
18k-25k·15薪,18.0,25.0,15,270.0,375.0,月薪,预处理|补全前项k|补全后项k|提取k后薪数|正常解析
40k-60k,40.0,60.0,12,480.0,720.0,月薪,预处理|补全前项k|补全后项k|正常解析
7k-13k·16薪,7.0,13.0,16,112.0,208.0,月薪,预处理|补全前项k|补全后项k|提取k后薪数|正常解析
14k-26k,14.0,26.0,12,168.0,312.0,月薪,预处理|补全前项k|补全后项k|正常解析
13k-25k·14薪,13.0,25.0,14,182.0,350.0,月薪,预处理|补全前项k|补全后项k|提取k后薪数|正常解析
18k-25k·16薪,18.0,25.0,16,288.0,400.0,月薪,预处理|补全前项k|补全后项k|提取k后薪数|正常解析
10k-20k·19薪,10.0,20.0,19,190.0,380.0,月薪,预处理|补全前项k|补全后项k|提取k后薪数|正常解析
26k-50k·21薪,26.0,50.0,21,546.0,1050.0,月薪,预处理|补全前项k|补全后项k|提取k后薪数|正常解析
11k-19k,11.0,19.0,12,132.0,228.0,月薪,预处理|补全前项k|补全后项k|正常解析
11k-21k,11.0,21.0,12,132.0,252.0,月薪,预处理|补全前项k|补全后项k|正常解析
10k-20k·20薪,10.0,20.0,20,200.0,400.0,月薪,预处理|补全前项k|补全后项k|提取k后薪数|正常解析
17k-32k,17.0,32.0,12,204.0,384.0,月薪,预处理|补全前项k|补全后项k|正常解析
18k-30k·17薪,18.0,30.0,17,306.0,510.0,月薪,预处理|补全前项k|补全后项k|提取k后薪数|正常解析
15k-20k·18薪,15.0,20.0,18,270.0,360.0,月薪,预处理|补全前项k|补全后项k|提取k后薪数|正常解析
18k-36k·15薪,18.0,36.0,15,270.0,540.0,月薪,预处理|补全前项k|补全后项k|提取k后薪数|正常解析
24k-48k,24.0,48.0,12,288.0,576.0,月薪,预处理|补全前项k|补全后项k|正常解析
37k-74k,37.0,74.0,12,444.0,888.0,月薪,预处理|补全前项k|补全后项k|正常解析
7k-13k·14薪,7.0,13.0,14,98.0,182.0,月薪,预处理|补全前项k|补全后项k|提取k后薪数|正常解析
16k-27k·15薪,16.0,27.0,15,240.0,405.0,月薪,预处理|补全前项k|补全后项k|提取k后薪数|正常解析
10k-13k·16薪,10.0,13.0,16,160.0,208.0,月薪,预处理|补全前项k|补全后项k|提取k后薪数|正常解析
30k-46k·13薪,30.0,46.0,13,390.0,598.0,月薪,预处理|补全前项k|补全后项k|提取k后薪数|正常解析
10k-18k·18薪,10.0,18.0,18,180.0,324.0,月薪,预处理|补全前项k|补全后项k|提取k后薪数|正常解析
15k-28k·13薪,15.0,28.0,13,195.0,364.0,月薪,预处理|补全前项k|补全后项k|提取k后薪数|正常解析
18k-29k,18.0,29.0,12,216.0,348.0,月薪,预处理|补全前项k|补全后项k|正常解析
16k-18k,16.0,18.0,12,192.0,216.0,月薪,预处理|补全前项k|补全后项k|正常解析
7k-9k·20薪,7.0,9.0,20,140.0,180.0,月薪,预处理|补全前项k|补全后项k|提取k后薪数|正常解析
9k-17k·13薪,9.0,17.0,13,117.0,221.0,月薪,预处理|补全前项k|补全后项k|提取k后薪数|正常解析
35k-60k·14薪,35.0,60.0,14,490.0,840.0,月薪,预处理|补全前项k|补全后项k|提取k后薪数|正常解析
8-13K,8.0,13.0,12,96.0,156.0,月薪,预处理|补全前项k|补全后项k|正常解析
15-25K,15.0,25.0,12,180.0,300.0,月薪,预处理|补全前项k|补全后项k|正常解析
15-20K,15.0,20.0,12,180.0,240.0,月薪,预处理|补全前项k|补全后项k|正常解析
7-8K,7.0,8.0,12,84.0,96.0,月薪,预处理|补全前项k|补全后项k|正常解析
13-20K,13.0,20.0,12,156.0,240.0,月薪,预处理|补全前项k|补全后项k|正常解析
7-12K,7.0,12.0,12,84.0,144.0,月薪,预处理|补全前项k|补全后项k|正常解析
8-10K,8.0,10.0,12,96.0,120.0,月薪,预处理|补全前项k|补全后项k|正常解析
12-22K,12.0,22.0,12,144.0,264.0,月薪,预处理|补全前项k|补全后项k|正常解析
20-40K·14薪,20.0,40.0,14,280.0,560.0,月薪,预处理|补全前项k|补全后项k|提取k后薪数|正常解析
15-20K·13薪,15.0,20.0,13,195.0,260.0,月薪,预处理|补全前项k|补全后项k|提取k后薪数|正常解析
15-30K·16薪,15.0,30.0,16,240.0,480.0,月薪,预处理|补全前项k|补全后项k|提取k后薪数|正常解析
20-30K·13薪,20.0,30.0,13,260.0,390.0,月薪,预处理|补全前项k|补全后项k|提取k后薪数|正常解析
20-40K,20.0,40.0,12,240.0,480.0,月薪,预处理|补全前项k|补全后项k|正常解析
10-15K,10.0,15.0,12,120.0,180.0,月薪,预处理|补全前项k|补全后项k|正常解析
18-28K·14薪,18.0,28.0,14,252.0,392.0,月薪,预处理|补全前项k|补全后项k|提取k后薪数|正常解析
10-15K·15薪,10.0,15.0,15,150.0,225.0,月薪,预处理|补全前项k|补全后项k|提取k后薪数|正常解析
8-13K·15薪,8.0,13.0,15,120.0,195.0,月薪,预处理|补全前项k|补全后项k|提取k后薪数|正常解析
14-26K·14薪,14.0,26.0,14,196.0,364.0,月薪,预处理|补全前项k|补全后项k|提取k后薪数|正常解析
18-30K·15薪,18.0,30.0,15,270.0,450.0,月薪,预处理|补全前项k|补全后项k|提取k后薪数|正常解析
12-18K,12.0,18.0,12,144.0,216.0,月薪,预处理|补全前项k|补全后项k|正常解析
30-60K,30.0,60.0,12,360.0,720.0,月薪,预处理|补全前项k|补全后项k|正常解析
20-40K·16薪,20.0,40.0,16,320.0,640.0,月薪,预处理|补全前项k|补全后项k|提取k后薪数|正常解析
5-7K,5.0,7.0,12,60.0,84.0,月薪,预处理|补全前项k|补全后项k|正常解析
6-10K·13薪,6.0,10.0,13,78.0,130.0,月薪,预处理|补全前项k|补全后项k|提取k后薪数|正常解析
10-15K·14薪,10.0,15.0,14,140.0,210.0,月薪,预处理|补全前项k|补全后项k|提取k后薪数|正常解析
15-25K·15薪,15.0,25.0,15,225.0,375.0,月薪,预处理|补全前项k|补全后项k|提取k后薪数|正常解析
20-40K·15薪,20.0,40.0,15,300.0,600.0,月薪,预处理|补全前项k|补全后项k|提取k后薪数|正常解析
20-30K,20.0,30.0,12,240.0,360.0,月薪,预处理|补全前项k|补全后项k|正常解析
15-30K,15.0,30.0,12,180.0,360.0,月薪,预处理|补全前项k|补全后项k|正常解析
13-26K·15薪,13.0,26.0,15,195.0,390.0,月薪,预处理|补全前项k|补全后项k|提取k后薪数|正常解析
8-13K·13薪,8.0,13.0,13,104.0,169.0,月薪,预处理|补全前项k|补全后项k|提取k后薪数|正常解析
15-25K·14薪,15.0,25.0,14,210.0,350.0,月薪,预处理|补全前项k|补全后项k|提取k后薪数|正常解析
12-20K·16薪,12.0,20.0,16,192.0,320.0,月薪,预处理|补全前项k|补全后项k|提取k后薪数|正常解析
25-40K,25.0,40.0,12,300.0,480.0,月薪,预处理|补全前项k|补全后项k|正常解析
30-60K·15薪,30.0,60.0,15,450.0,900.0,月薪,预处理|补全前项k|补全后项k|提取k后薪数|正常解析
16-25K,16.0,25.0,12,192.0,300.0,月薪,预处理|补全前项k|补全后项k|正常解析
11-20K,11.0,20.0,12,132.0,240.0,月薪,预处理|补全前项k|补全后项k|正常解析
15-30K·14薪,15.0,30.0,14,210.0,420.0,月薪,预处理|补全前项k|补全后项k|提取k后薪数|正常解析
12-13K·14薪,12.0,13.0,14,168.0,182.0,月薪,预处理|补全前项k|补全后项k|提取k后薪数|正常解析
18-35K·16薪,18.0,35.0,16,288.0,560.0,月薪,预处理|补全前项k|补全后项k|提取k后薪数|正常解析
9-14K,9.0,14.0,12,108.0,168.0,月薪,预处理|补全前项k|补全后项k|正常解析
30-40K,30.0,40.0,12,360.0,480.0,月薪,预处理|补全前项k|补全后项k|正常解析
9-10K,9.0,10.0,12,108.0,120.0,月薪,预处理|补全前项k|补全后项k|正常解析
20-30K·15薪,20.0,30.0,15,300.0,450.0,月薪,预处理|补全前项k|补全后项k|提取k后薪数|正常解析
13-17K,13.0,17.0,12,156.0,204.0,月薪,预处理|补全前项k|补全后项k|正常解析
25-35K·14薪,25.0,35.0,14,350.0,490.0,月薪,预处理|补全前项k|补全后项k|提取k后薪数|正常解析
20-35K,20.0,35.0,12,240.0,420.0,月薪,预处理|补全前项k|补全后项k|正常解析
20-35K·15薪,20.0,35.0,15,300.0,525.0,月薪,预处理|补全前项k|补全后项k|提取k后薪数|正常解析
15-30K·13薪,15.0,30.0,13,195.0,390.0,月薪,预处理|补全前项k|补全后项k|提取k后薪数|正常解析
15-20K·14薪,15.0,20.0,14,210.0,280.0,月薪,预处理|补全前项k|补全后项k|提取k后薪数|正常解析
20-35K·14薪,20.0,35.0,14,280.0,490.0,月薪,预处理|补全前项k|补全后项k|提取k后薪数|正常解析
25-35K·16薪,25.0,35.0,16,400.0,560.0,月薪,预处理|补全前项k|补全后项k|提取k后薪数|正常解析
6-7K,6.0,7.0,12,72.0,84.0,月薪,预处理|补全前项k|补全后项k|正常解析
8-12K,8.0,12.0,12,96.0,144.0,月薪,预处理|补全前项k|补全后项k|正常解析
8-9K,8.0,9.0,12,96.0,108.0,月薪,预处理|补全前项k|补全后项k|正常解析
27-40K·14薪,27.0,40.0,14,378.0,560.0,月薪,预处理|补全前项k|补全后项k|提取k后薪数|正常解析
11-16K,11.0,16.0,12,132.0,192.0,月薪,预处理|补全前项k|补全后项k|正常解析
15-22K,15.0,22.0,12,180.0,264.0,月薪,预处理|补全前项k|补全后项k|正常解析
15-19K,15.0,19.0,12,180.0,228.0,月薪,预处理|补全前项k|补全后项k|正常解析
8-12K·15薪,8.0,12.0,15,120.0,180.0,月薪,预处理|补全前项k|补全后项k|提取k后薪数|正常解析
7-11K,7.0,11.0,12,84.0,132.0,月薪,预处理|补全前项k|补全后项k|正常解析
11-22K,11.0,22.0,12,132.0,264.0,月薪,预处理|补全前项k|补全后项k|正常解析
10-13K,10.0,13.0,12,120.0,156.0,月薪,预处理|补全前项k|补全后项k|正常解析
6-8K,6.0,8.0,12,72.0,96.0,月薪,预处理|补全前项k|补全后项k|正常解析
5-8K,5.0,8.0,12,60.0,96.0,月薪,预处理|补全前项k|补全后项k|正常解析
8-10K·13薪,8.0,10.0,13,104.0,130.0,月薪,预处理|补全前项k|补全后项k|提取k后薪数|正常解析
7-10K,7.0,10.0,12,84.0,120.0,月薪,预处理|补全前项k|补全后项k|正常解析
4-8K,4.0,8.0,12,48.0,96.0,月薪,预处理|补全前项k|补全后项k|正常解析
4-5K,4.0,5.0,12,48.0,60.0,月薪,预处理|补全前项k|补全后项k|正常解析
7-9K·15薪,7.0,9.0,15,105.0,135.0,月薪,预处理|补全前项k|补全后项k|提取k后薪数|正常解析
4-6K,4.0,6.0,12,48.0,72.0,月薪,预处理|补全前项k|补全后项k|正常解析
6-9K,6.0,9.0,12,72.0,108.0,月薪,预处理|补全前项k|补全后项k|正常解析
9-14K·13薪,9.0,14.0,13,117.0,182.0,月薪,预处理|补全前项k|补全后项k|提取k后薪数|正常解析
10-12K·13薪,10.0,12.0,13,130.0,156.0,月薪,预处理|补全前项k|补全后项k|提取k后薪数|正常解析
7-9K,7.0,9.0,12,84.0,108.0,月薪,预处理|补全前项k|补全后项k|正常解析
10-12K,10.0,12.0,12,120.0,144.0,月薪,预处理|补全前项k|补全后项k|正常解析
7-10K·13薪,7.0,10.0,13,91.0,130.0,月薪,预处理|补全前项k|补全后项k|提取k后薪数|正常解析
15-26K,15.0,26.0,12,180.0,312.0,月薪,预处理|补全前项k|补全后项k|正常解析
6-10K,6.0,10.0,12,72.0,120.0,月薪,预处理|补全前项k|补全后项k|正常解析
2-3K,2.0,3.0,12,24.0,36.0,月薪,预处理|补全前项k|补全后项k|正常解析
5-10K,5.0,10.0,12,60.0,120.0,月薪,预处理|补全前项k|补全后项k|正常解析
25-30K,25.0,30.0,12,300.0,360.0,月薪,预处理|补全前项k|补全后项k|正常解析
13-20K·13薪,13.0,20.0,13,169.0,260.0,月薪,预处理|补全前项k|补全后项k|提取k后薪数|正常解析
13k-25k·15薪,13.0,25.0,15,195.0,375.0,月薪,预处理|补全前项k|补全后项k|提取k后薪数|正常解析
8k-10k·16薪,8.0,10.0,16,128.0,160.0,月薪,预处理|补全前项k|补全后项k|提取k后薪数|正常解析
6k-8k·16薪,6.0,8.0,16,96.0,128.0,月薪,预处理|补全前项k|补全后项k|提取k后薪数|正常解析
35k-65k,35.0,65.0,12,420.0,780.0,月薪,预处理|补全前项k|补全后项k|正常解析
35k-45k·15薪,35.0,45.0,15,525.0,675.0,月薪,预处理|补全前项k|补全后项k|提取k后薪数|正常解析
25k-40k·17薪,25.0,40.0,17,425.0,680.0,月薪,预处理|补全前项k|补全后项k|提取k后薪数|正常解析
30k-40k·13薪,30.0,40.0,13,390.0,520.0,月薪,预处理|补全前项k|补全后项k|提取k后薪数|正常解析
12k-16k·14薪,12.0,16.0,14,168.0,224.0,月薪,预处理|补全前项k|补全后项k|提取k后薪数|正常解析
28k-55k·15薪,28.0,55.0,15,420.0,825.0,月薪,预处理|补全前项k|补全后项k|提取k后薪数|正常解析
30k-50k·16薪,30.0,50.0,16,480.0,800.0,月薪,预处理|补全前项k|补全后项k|提取k后薪数|正常解析
24k-35k·16薪,24.0,35.0,16,384.0,560.0,月薪,预处理|补全前项k|补全后项k|提取k后薪数|正常解析
40k-75k,40.0,75.0,12,480.0,900.0,月薪,预处理|补全前项k|补全后项k|正常解析
11k-22k·15薪,11.0,22.0,15,165.0,330.0,月薪,预处理|补全前项k|补全后项k|提取k后薪数|正常解析
12k-16k·15薪,12.0,16.0,15,180.0,240.0,月薪,预处理|补全前项k|补全后项k|提取k后薪数|正常解析
18k-35k·14薪,18.0,35.0,14,252.0,490.0,月薪,预处理|补全前项k|补全后项k|提取k后薪数|正常解析
10k-16k·15薪,10.0,16.0,15,150.0,240.0,月薪,预处理|补全前项k|补全后项k|提取k后薪数|正常解析
20k-28k·15薪,20.0,28.0,15,300.0,420.0,月薪,预处理|补全前项k|补全后项k|提取k后薪数|正常解析
50k-70k·13薪,50.0,70.0,13,650.0,910.0,月薪,预处理|补全前项k|补全后项k|提取k后薪数|正常解析
45k-90k·15薪,45.0,90.0,15,675.0,1350.0,月薪,预处理|补全前项k|补全后项k|提取k后薪数|正常解析
8k-12k·16薪,8.0,12.0,16,128.0,192.0,月薪,预处理|补全前项k|补全后项k|提取k后薪数|正常解析
9k-13k·14薪,9.0,13.0,14,126.0,182.0,月薪,预处理|补全前项k|补全后项k|提取k后薪数|正常解析
90k-170k,90.0,170.0,12,1080.0,2040.0,月薪,预处理|补全前项k|补全后项k|正常解析
80k-110k·13薪,80.0,110.0,13,1040.0,1430.0,月薪,预处理|补全前项k|补全后项k|提取k后薪数|正常解析
4-8K·13薪,4.0,8.0,13,52.0,104.0,月薪,预处理|补全前项k|补全后项k|提取k后薪数|正常解析
3-6K,3.0,6.0,12,36.0,72.0,月薪,预处理|补全前项k|补全后项k|正常解析
14-25K·13薪,14.0,25.0,13,182.0,325.0,月薪,预处理|补全前项k|补全后项k|提取k后薪数|正常解析
5-6K,5.0,6.0,12,60.0,72.0,月薪,预处理|补全前项k|补全后项k|正常解析
8-12K·13薪,8.0,12.0,13,104.0,156.0,月薪,预处理|补全前项k|补全后项k|提取k后薪数|正常解析
5-10K·13薪,5.0,10.0,13,65.0,130.0,月薪,预处理|补全前项k|补全后项k|提取k后薪数|正常解析
6-11K,6.0,11.0,12,72.0,132.0,月薪,预处理|补全前项k|补全后项k|正常解析
15-25K·13薪,15.0,25.0,13,195.0,325.0,月薪,预处理|补全前项k|补全后项k|提取k后薪数|正常解析
4-7K·13薪,4.0,7.0,13,52.0,91.0,月薪,预处理|补全前项k|补全后项k|提取k后薪数|正常解析
4-7K,4.0,7.0,12,48.0,84.0,月薪,预处理|补全前项k|补全后项k|正常解析
3-4K,3.0,4.0,12,36.0,48.0,月薪,预处理|补全前项k|补全后项k|正常解析
4-9K,4.0,9.0,12,48.0,108.0,月薪,预处理|补全前项k|补全后项k|正常解析
3-8K,3.0,8.0,12,36.0,96.0,月薪,预处理|补全前项k|补全后项k|正常解析
15-28K·13薪,15.0,28.0,13,195.0,364.0,月薪,预处理|补全前项k|补全后项k|提取k后薪数|正常解析
8-13K·14薪,8.0,13.0,14,112.0,182.0,月薪,预处理|补全前项k|补全后项k|提取k后薪数|正常解析
9-11K,9.0,11.0,12,108.0,132.0,月薪,预处理|补全前项k|补全后项k|正常解析
5-7K·13薪,5.0,7.0,13,65.0,91.0,月薪,预处理|补全前项k|补全后项k|提取k后薪数|正常解析
5-9K·13薪,5.0,9.0,13,65.0,117.0,月薪,预处理|补全前项k|补全后项k|提取k后薪数|正常解析
4-6K·15薪,4.0,6.0,15,60.0,90.0,月薪,预处理|补全前项k|补全后项k|提取k后薪数|正常解析
7-8K·13薪,7.0,8.0,13,91.0,104.0,月薪,预处理|补全前项k|补全后项k|提取k后薪数|正常解析
3-5K,3.0,5.0,12,36.0,60.0,月薪,预处理|补全前项k|补全后项k|正常解析
9-12K,9.0,12.0,12,108.0,144.0,月薪,预处理|补全前项k|补全后项k|正常解析
4-9K·13薪,4.0,9.0,13,52.0,117.0,月薪,预处理|补全前项k|补全后项k|提取k后薪数|正常解析
5-9K,5.0,9.0,12,60.0,108.0,月薪,预处理|补全前项k|补全后项k|正常解析
9-13K,9.0,13.0,12,108.0,156.0,月薪,预处理|补全前项k|补全后项k|正常解析
9-14K·14薪,9.0,14.0,14,126.0,196.0,月薪,预处理|补全前项k|补全后项k|提取k后薪数|正常解析
3-7K,3.0,7.0,12,36.0,84.0,月薪,预处理|补全前项k|补全后项k|正常解析
6-11K·13薪,6.0,11.0,13,78.0,143.0,月薪,预处理|补全前项k|补全后项k|提取k后薪数|正常解析
8-11K,8.0,11.0,12,96.0,132.0,月薪,预处理|补全前项k|补全后项k|正常解析
3-5K·13薪,3.0,5.0,13,39.0,65.0,月薪,预处理|补全前项k|补全后项k|提取k后薪数|正常解析
3-6K·13薪,3.0,6.0,13,39.0,78.0,月薪,预处理|补全前项k|补全后项k|提取k后薪数|正常解析
40k-55k·15薪,40.0,55.0,15,600.0,825.0,月薪,预处理|补全前项k|补全后项k|提取k后薪数|正常解析
15k-26k·14薪,15.0,26.0,14,210.0,364.0,月薪,预处理|补全前项k|补全后项k|提取k后薪数|正常解析
8k-11k·14薪,8.0,11.0,14,112.0,154.0,月薪,预处理|补全前项k|补全后项k|提取k后薪数|正常解析
8k-11k·13薪,8.0,11.0,13,104.0,143.0,月薪,预处理|补全前项k|补全后项k|提取k后薪数|正常解析
7k-12k·15薪,7.0,12.0,15,105.0,180.0,月薪,预处理|补全前项k|补全后项k|提取k后薪数|正常解析
10k-13k·14薪,10.0,13.0,14,140.0,182.0,月薪,预处理|补全前项k|补全后项k|提取k后薪数|正常解析
18-35K,18.0,35.0,12,216.0,420.0,月薪,预处理|补全前项k|补全后项k|正常解析
13k-18k·13薪,13.0,18.0,13,169.0,234.0,月薪,预处理|补全前项k|补全后项k|提取k后薪数|正常解析
20k-25k·14薪,20.0,25.0,14,280.0,350.0,月薪,预处理|补全前项k|补全后项k|提取k后薪数|正常解析
20k-26k,20.0,26.0,12,240.0,312.0,月薪,预处理|补全前项k|补全后项k|正常解析
19k-26k,19.0,26.0,12,228.0,312.0,月薪,预处理|补全前项k|补全后项k|正常解析
35k-65k·13薪,35.0,65.0,13,455.0,845.0,月薪,预处理|补全前项k|补全后项k|提取k后薪数|正常解析
21k-33k,21.0,33.0,12,252.0,396.0,月薪,预处理|补全前项k|补全后项k|正常解析
80k-100k·16薪,80.0,100.0,16,1280.0,1600.0,月薪,预处理|补全前项k|补全后项k|提取k后薪数|正常解析
20k-27k,20.0,27.0,12,240.0,324.0,月薪,预处理|补全前项k|补全后项k|正常解析
16k-27k·13薪,16.0,27.0,13,208.0,351.0,月薪,预处理|补全前项k|补全后项k|提取k后薪数|正常解析
10-11K,10.0,11.0,12,120.0,132.0,月薪,预处理|补全前项k|补全后项k|正常解析
13-23K,13.0,23.0,12,156.0,276.0,月薪,预处理|补全前项k|补全后项k|正常解析
12-17K,12.0,17.0,12,144.0,204.0,月薪,预处理|补全前项k|补全后项k|正常解析
12-24K·16薪,12.0,24.0,16,192.0,384.0,月薪,预处理|补全前项k|补全后项k|提取k后薪数|正常解析
25-50K,25.0,50.0,12,300.0,600.0,月薪,预处理|补全前项k|补全后项k|正常解析
4-5K·13薪,4.0,5.0,13,52.0,65.0,月薪,预处理|补全前项k|补全后项k|提取k后薪数|正常解析
7-12K·15薪,7.0,12.0,15,105.0,180.0,月薪,预处理|补全前项k|补全后项k|提取k后薪数|正常解析
24k-40k·13薪,24.0,40.0,13,312.0,520.0,月薪,预处理|补全前项k|补全后项k|提取k后薪数|正常解析
11k-14k·13薪,11.0,14.0,13,143.0,182.0,月薪,预处理|补全前项k|补全后项k|提取k后薪数|正常解析
16k-23k·14薪,16.0,23.0,14,224.0,322.0,月薪,预处理|补全前项k|补全后项k|提取k后薪数|正常解析
50k-80k·20薪,50.0,80.0,20,1000.0,1600.0,月薪,预处理|补全前项k|补全后项k|提取k后薪数|正常解析
45k-60k·15薪,45.0,60.0,15,675.0,900.0,月薪,预处理|补全前项k|补全后项k|提取k后薪数|正常解析
80k-160k·18薪,80.0,160.0,18,1440.0,2880.0,月薪,预处理|补全前项k|补全后项k|提取k后薪数|正常解析
18k-26k·15薪,18.0,26.0,15,270.0,390.0,月薪,预处理|补全前项k|补全后项k|提取k后薪数|正常解析
40k-80k·20薪,40.0,80.0,20,800.0,1600.0,月薪,预处理|补全前项k|补全后项k|提取k后薪数|正常解析
25k-45k·14薪,25.0,45.0,14,350.0,630.0,月薪,预处理|补全前项k|补全后项k|提取k后薪数|正常解析
25k-33k,25.0,33.0,12,300.0,396.0,月薪,预处理|补全前项k|补全后项k|正常解析
55k-100k·14薪,55.0,100.0,14,770.0,1400.0,月薪,预处理|补全前项k|补全后项k|提取k后薪数|正常解析
90k-180k·14薪,90.0,180.0,14,1260.0,2520.0,月薪,预处理|补全前项k|补全后项k|提取k后薪数|正常解析
40k-80k·14薪,40.0,80.0,14,560.0,1120.0,月薪,预处理|补全前项k|补全后项k|提取k后薪数|正常解析
17k-25k,17.0,25.0,12,204.0,300.0,月薪,预处理|补全前项k|补全后项k|正常解析
9-14K·15薪,9.0,14.0,15,135.0,210.0,月薪,预处理|补全前项k|补全后项k|提取k后薪数|正常解析
12-16K,12.0,16.0,12,144.0,192.0,月薪,预处理|补全前项k|补全后项k|正常解析
4-6K·14薪,4.0,6.0,14,56.0,84.0,月薪,预处理|补全前项k|补全后项k|提取k后薪数|正常解析
10-15K·13薪,10.0,15.0,13,130.0,195.0,月薪,预处理|补全前项k|补全后项k|提取k后薪数|正常解析
2-7K,2.0,7.0,12,24.0,84.0,月薪,预处理|补全前项k|补全后项k|正常解析
19-20K,19.0,20.0,12,228.0,240.0,月薪,预处理|补全前项k|补全后项k|正常解析
5-10K·20薪,5.0,10.0,20,100.0,200.0,月薪,预处理|补全前项k|补全后项k|提取k后薪数|正常解析
5-10K·14薪,5.0,10.0,14,70.0,140.0,月薪,预处理|补全前项k|补全后项k|提取k后薪数|正常解析
12-24K,12.0,24.0,12,144.0,288.0,月薪,预处理|补全前项k|补全后项k|正常解析
9k-11k·14薪,9.0,11.0,14,126.0,154.0,月薪,预处理|补全前项k|补全后项k|提取k后薪数|正常解析
17k-34k,17.0,34.0,12,204.0,408.0,月薪,预处理|补全前项k|补全后项k|正常解析
40k-70k·13薪,40.0,70.0,13,520.0,910.0,月薪,预处理|补全前项k|补全后项k|提取k后薪数|正常解析
18k-20k·14薪,18.0,20.0,14,252.0,280.0,月薪,预处理|补全前项k|补全后项k|提取k后薪数|正常解析
35k-45k,35.0,45.0,12,420.0,540.0,月薪,预处理|补全前项k|补全后项k|正常解析
20k-33k,20.0,33.0,12,240.0,396.0,月薪,预处理|补全前项k|补全后项k|正常解析
30k-59k,30.0,59.0,12,360.0,708.0,月薪,预处理|补全前项k|补全后项k|正常解析
16k-26k·13薪,16.0,26.0,13,208.0,338.0,月薪,预处理|补全前项k|补全后项k|提取k后薪数|正常解析
11-20K·13薪,11.0,20.0,13,143.0,260.0,月薪,预处理|补全前项k|补全后项k|提取k后薪数|正常解析
7-12K·13薪,7.0,12.0,13,91.0,156.0,月薪,预处理|补全前项k|补全后项k|提取k后薪数|正常解析
5-8K·13薪,5.0,8.0,13,65.0,104.0,月薪,预处理|补全前项k|补全后项k|提取k后薪数|正常解析
30-50K,30.0,50.0,12,360.0,600.0,月薪,预处理|补全前项k|补全后项k|正常解析
15-29K,15.0,29.0,12,180.0,348.0,月薪,预处理|补全前项k|补全后项k|正常解析
5-6K·13薪,5.0,6.0,13,65.0,78.0,月薪,预处理|补全前项k|补全后项k|提取k后薪数|正常解析
5-6K·14薪,5.0,6.0,14,70.0,84.0,月薪,预处理|补全前项k|补全后项k|提取k后薪数|正常解析
30-35K·18薪,30.0,35.0,18,540.0,630.0,月薪,预处理|补全前项k|补全后项k|提取k后薪数|正常解析
12-20K,12.0,20.0,12,144.0,240.0,月薪,预处理|补全前项k|补全后项k|正常解析
4-6K·13薪,4.0,6.0,13,52.0,78.0,月薪,预处理|补全前项k|补全后项k|提取k后薪数|正常解析
13-18K·13薪,13.0,18.0,13,169.0,234.0,月薪,预处理|补全前项k|补全后项k|提取k后薪数|正常解析
12-20K·13薪,12.0,20.0,13,156.0,260.0,月薪,预处理|补全前项k|补全后项k|提取k后薪数|正常解析
12-13K·13薪,12.0,13.0,13,156.0,169.0,月薪,预处理|补全前项k|补全后项k|提取k后薪数|正常解析
15-21K,15.0,21.0,12,180.0,252.0,月薪,预处理|补全前项k|补全后项k|正常解析
6-9K·13薪,6.0,9.0,13,78.0,117.0,月薪,预处理|补全前项k|补全后项k|提取k后薪数|正常解析
25-50K·15薪,25.0,50.0,15,375.0,750.0,月薪,预处理|补全前项k|补全后项k|提取k后薪数|正常解析
30-60K·16薪,30.0,60.0,16,480.0,960.0,月薪,预处理|补全前项k|补全后项k|提取k后薪数|正常解析
15-30K·15薪,15.0,30.0,15,225.0,450.0,月薪,预处理|补全前项k|补全后项k|提取k后薪数|正常解析
18-28K·15薪,18.0,28.0,15,270.0,420.0,月薪,预处理|补全前项k|补全后项k|提取k后薪数|正常解析
75-100K,75.0,100.0,12,900.0,1200.0,月薪,预处理|补全前项k|补全后项k|正常解析
40-70K·15薪,40.0,70.0,15,600.0,1050.0,月薪,预处理|补全前项k|补全后项k|提取k后薪数|正常解析
40-70K·14薪,40.0,70.0,14,560.0,980.0,月薪,预处理|补全前项k|补全后项k|提取k后薪数|正常解析
25-40K·15薪,25.0,40.0,15,375.0,600.0,月薪,预处理|补全前项k|补全后项k|提取k后薪数|正常解析
11-17K·13薪,11.0,17.0,13,143.0,221.0,月薪,预处理|补全前项k|补全后项k|提取k后薪数|正常解析
11-20K·14薪,11.0,20.0,14,154.0,280.0,月薪,预处理|补全前项k|补全后项k|提取k后薪数|正常解析
12-20K·14薪,12.0,20.0,14,168.0,280.0,月薪,预处理|补全前项k|补全后项k|提取k后薪数|正常解析
2-5K,2.0,5.0,12,24.0,60.0,月薪,预处理|补全前项k|补全后项k|正常解析
10-12K·14薪,10.0,12.0,14,140.0,168.0,月薪,预处理|补全前项k|补全后项k|提取k后薪数|正常解析
5-9K·16薪,5.0,9.0,16,80.0,144.0,月薪,预处理|补全前项k|补全后项k|提取k后薪数|正常解析
10-13K·13薪,10.0,13.0,13,130.0,169.0,月薪,预处理|补全前项k|补全后项k|提取k后薪数|正常解析
20-28K·14薪,20.0,28.0,14,280.0,392.0,月薪,预处理|补全前项k|补全后项k|提取k后薪数|正常解析
25-35K,25.0,35.0,12,300.0,420.0,月薪,预处理|补全前项k|补全后项k|正常解析
7-9K·13薪,7.0,9.0,13,91.0,117.0,月薪,预处理|补全前项k|补全后项k|提取k后薪数|正常解析
12k-16k·13薪,12.0,16.0,13,156.0,208.0,月薪,预处理|补全前项k|补全后项k|提取k后薪数|正常解析
11-17K,11.0,17.0,12,132.0,204.0,月薪,预处理|补全前项k|补全后项k|正常解析
5k-6k·14薪,5.0,6.0,14,70.0,84.0,月薪,预处理|补全前项k|补全后项k|提取k后薪数|正常解析
10k-20k·17薪,10.0,20.0,17,170.0,340.0,月薪,预处理|补全前项k|补全后项k|提取k后薪数|正常解析
11k-15k·13薪,11.0,15.0,13,143.0,195.0,月薪,预处理|补全前项k|补全后项k|提取k后薪数|正常解析
10k-14k·14薪,10.0,14.0,14,140.0,196.0,月薪,预处理|补全前项k|补全后项k|提取k后薪数|正常解析
14k-22k·14薪,14.0,22.0,14,196.0,308.0,月薪,预处理|补全前项k|补全后项k|提取k后薪数|正常解析
50k-70k,50.0,70.0,12,600.0,840.0,月薪,预处理|补全前项k|补全后项k|正常解析
11k-21k·18薪,11.0,21.0,18,198.0,378.0,月薪,预处理|补全前项k|补全后项k|提取k后薪数|正常解析
6k-11k·15薪,6.0,11.0,15,90.0,165.0,月薪,预处理|补全前项k|补全后项k|提取k后薪数|正常解析
12k-21k·15薪,12.0,21.0,15,180.0,315.0,月薪,预处理|补全前项k|补全后项k|提取k后薪数|正常解析
22k-30k·14薪,22.0,30.0,14,308.0,420.0,月薪,预处理|补全前项k|补全后项k|提取k后薪数|正常解析
18k-30k·16薪,18.0,30.0,16,288.0,480.0,月薪,预处理|补全前项k|补全后项k|提取k后薪数|正常解析
23k-24k,23.0,24.0,12,276.0,288.0,月薪,预处理|补全前项k|补全后项k|正常解析
80k-160k,80.0,160.0,12,960.0,1920.0,月薪,预处理|补全前项k|补全后项k|正常解析
10-20K,10.0,20.0,12,120.0,240.0,月薪,预处理|补全前项k|补全后项k|正常解析
1-2K,1.0,2.0,12,12.0,24.0,月薪,预处理|补全前项k|补全后项k|正常解析
2-4K,2.0,4.0,12,24.0,48.0,月薪,预处理|补全前项k|补全后项k|正常解析
13k-25k·16薪,13.0,25.0,16,208.0,400.0,月薪,预处理|补全前项k|补全后项k|提取k后薪数|正常解析
4k-7k·14薪,4.0,7.0,14,56.0,98.0,月薪,预处理|补全前项k|补全后项k|提取k后薪数|正常解析
12k-24k·15薪,12.0,24.0,15,180.0,360.0,月薪,预处理|补全前项k|补全后项k|提取k后薪数|正常解析
2-6K,2.0,6.0,12,24.0,72.0,月薪,预处理|补全前项k|补全后项k|正常解析
7-10K·14薪,7.0,10.0,14,98.0,140.0,月薪,预处理|补全前项k|补全后项k|提取k后薪数|正常解析
1-3K,1.0,3.0,12,12.0,36.0,月薪,预处理|补全前项k|补全后项k|正常解析
20-30K·14薪,20.0,30.0,14,280.0,420.0,月薪,预处理|补全前项k|补全后项k|提取k后薪数|正常解析
18-30K,18.0,30.0,12,216.0,360.0,月薪,预处理|补全前项k|补全后项k|正常解析
35-50K·16薪,35.0,50.0,16,560.0,800.0,月薪,预处理|补全前项k|补全后项k|提取k后薪数|正常解析
18-35K·15薪,18.0,35.0,15,270.0,525.0,月薪,预处理|补全前项k|补全后项k|提取k后薪数|正常解析
12-18K·14薪,12.0,18.0,14,168.0,252.0,月薪,预处理|补全前项k|补全后项k|提取k后薪数|正常解析
11-12K,11.0,12.0,12,132.0,144.0,月薪,预处理|补全前项k|补全后项k|正常解析
8-12K·14薪,8.0,12.0,14,112.0,168.0,月薪,预处理|补全前项k|补全后项k|提取k后薪数|正常解析
11-22K·16薪,11.0,22.0,16,176.0,352.0,月薪,预处理|补全前项k|补全后项k|提取k后薪数|正常解析
11-16K·14薪,11.0,16.0,14,154.0,224.0,月薪,预处理|补全前项k|补全后项k|提取k后薪数|正常解析
5-7K·14薪,5.0,7.0,14,70.0,98.0,月薪,预处理|补全前项k|补全后项k|提取k后薪数|正常解析
12-18K·13薪,12.0,18.0,13,156.0,234.0,月薪,预处理|补全前项k|补全后项k|提取k后薪数|正常解析
11-18K,11.0,18.0,12,132.0,216.0,月薪,预处理|补全前项k|补全后项k|正常解析
6-8K·13薪,6.0,8.0,13,78.0,104.0,月薪,预处理|补全前项k|补全后项k|提取k后薪数|正常解析
9k-14k·15薪,9.0,14.0,15,135.0,210.0,月薪,预处理|补全前项k|补全后项k|提取k后薪数|正常解析
16k-25k·20薪,16.0,25.0,20,320.0,500.0,月薪,预处理|补全前项k|补全后项k|提取k后薪数|正常解析
30k-40k·14薪,30.0,40.0,14,420.0,560.0,月薪,预处理|补全前项k|补全后项k|提取k后薪数|正常解析
60k-80k·18薪,60.0,80.0,18,1080.0,1440.0,月薪,预处理|补全前项k|补全后项k|提取k后薪数|正常解析
20k-26k·14薪,20.0,26.0,14,280.0,364.0,月薪,预处理|补全前项k|补全后项k|提取k后薪数|正常解析
28k-35k·17薪,28.0,35.0,17,476.0,595.0,月薪,预处理|补全前项k|补全后项k|提取k后薪数|正常解析
20k-40k·20薪,20.0,40.0,20,400.0,800.0,月薪,预处理|补全前项k|补全后项k|提取k后薪数|正常解析
20k-29k,20.0,29.0,12,240.0,348.0,月薪,预处理|补全前项k|补全后项k|正常解析
12k-13k,12.0,13.0,12,144.0,156.0,月薪,预处理|补全前项k|补全后项k|正常解析
11k-22k·14薪,11.0,22.0,14,154.0,308.0,月薪,预处理|补全前项k|补全后项k|提取k后薪数|正常解析
20k-28k,20.0,28.0,12,240.0,336.0,月薪,预处理|补全前项k|补全后项k|正常解析
10k-12k·13薪,10.0,12.0,13,130.0,156.0,月薪,预处理|补全前项k|补全后项k|提取k后薪数|正常解析
24k-25k·16薪,24.0,25.0,16,384.0,400.0,月薪,预处理|补全前项k|补全后项k|提取k后薪数|正常解析
30k-60k·17薪,30.0,60.0,17,510.0,1020.0,月薪,预处理|补全前项k|补全后项k|提取k后薪数|正常解析
7k-12k·16薪,7.0,12.0,16,112.0,192.0,月薪,预处理|补全前项k|补全后项k|提取k后薪数|正常解析
9k-13k·16薪,9.0,13.0,16,144.0,208.0,月薪,预处理|补全前项k|补全后项k|提取k后薪数|正常解析
11k-16k·14薪,11.0,16.0,14,154.0,224.0,月薪,预处理|补全前项k|补全后项k|提取k后薪数|正常解析
18k-35k·16薪,18.0,35.0,16,288.0,560.0,月薪,预处理|补全前项k|补全后项k|提取k后薪数|正常解析
22k-29k·14薪,22.0,29.0,14,308.0,406.0,月薪,预处理|补全前项k|补全后项k|提取k后薪数|正常解析
80k-110k·18薪,80.0,110.0,18,1440.0,1980.0,月薪,预处理|补全前项k|补全后项k|提取k后薪数|正常解析
21k-35k·14薪,21.0,35.0,14,294.0,490.0,月薪,预处理|补全前项k|补全后项k|提取k后薪数|正常解析
6k-12k·16薪,6.0,12.0,16,96.0,192.0,月薪,预处理|补全前项k|补全后项k|提取k后薪数|正常解析
4-8K·14薪,4.0,8.0,14,56.0,112.0,月薪,预处理|补全前项k|补全后项k|提取k后薪数|正常解析
10-15K·16薪,10.0,15.0,16,160.0,240.0,月薪,预处理|补全前项k|补全后项k|提取k后薪数|正常解析
12-15K,12.0,15.0,12,144.0,180.0,月薪,预处理|补全前项k|补全后项k|正常解析
5-8K·14薪,5.0,8.0,14,70.0,112.0,月薪,预处理|补全前项k|补全后项k|提取k后薪数|正常解析
11-22K·20薪,11.0,22.0,20,220.0,440.0,月薪,预处理|补全前项k|补全后项k|提取k后薪数|正常解析
40-70K,40.0,70.0,12,480.0,840.0,月薪,预处理|补全前项k|补全后项k|正常解析
15k-18k·14薪,15.0,18.0,14,210.0,252.0,月薪,预处理|补全前项k|补全后项k|提取k后薪数|正常解析
35k-55k·16薪,35.0,55.0,16,560.0,880.0,月薪,预处理|补全前项k|补全后项k|提取k后薪数|正常解析
10k-16k·14薪,10.0,16.0,14,140.0,224.0,月薪,预处理|补全前项k|补全后项k|提取k后薪数|正常解析
8k-14k·14薪,8.0,14.0,14,112.0,196.0,月薪,预处理|补全前项k|补全后项k|提取k后薪数|正常解析
7k-9k·14薪,7.0,9.0,14,98.0,126.0,月薪,预处理|补全前项k|补全后项k|提取k后薪数|正常解析
11k-20k·14薪,11.0,20.0,14,154.0,280.0,月薪,预处理|补全前项k|补全后项k|提取k后薪数|正常解析
13-25K,13.0,25.0,12,156.0,300.0,月薪,预处理|补全前项k|补全后项k|正常解析
6-7K·13薪,6.0,7.0,13,78.0,91.0,月薪,预处理|补全前项k|补全后项k|提取k后薪数|正常解析
11-12K·13薪,11.0,12.0,13,143.0,156.0,月薪,预处理|补全前项k|补全后项k|提取k后薪数|正常解析
40-50K,40.0,50.0,12,480.0,600.0,月薪,预处理|补全前项k|补全后项k|正常解析
10-15K·17薪,10.0,15.0,17,170.0,255.0,月薪,预处理|补全前项k|补全后项k|提取k后薪数|正常解析
6-9K·14薪,6.0,9.0,14,84.0,126.0,月薪,预处理|补全前项k|补全后项k|提取k后薪数|正常解析
30-35K·24薪,30.0,35.0,24,720.0,840.0,月薪,预处理|补全前项k|补全后项k|提取k后薪数|正常解析
12k-17k·15薪,12.0,17.0,15,180.0,255.0,月薪,预处理|补全前项k|补全后项k|提取k后薪数|正常解析
30K-50K,30.0,50.0,12,360.0,600.0,月薪,预处理|补全前项k|补全后项k|正常解析
18k-24k·15薪,18.0,24.0,15,270.0,360.0,月薪,预处理|补全前项k|补全后项k|提取k后薪数|正常解析
6-11K·14薪,6.0,11.0,14,84.0,154.0,月薪,预处理|补全前项k|补全后项k|提取k后薪数|正常解析
9-10K·13薪,9.0,10.0,13,117.0,130.0,月薪,预处理|补全前项k|补全后项k|提取k后薪数|正常解析
13-15K,13.0,15.0,12,156.0,180.0,月薪,预处理|补全前项k|补全后项k|正常解析
20-25K,20.0,25.0,12,240.0,300.0,月薪,预处理|补全前项k|补全后项k|正常解析
7-11K·13薪,7.0,11.0,13,91.0,143.0,月薪,预处理|补全前项k|补全后项k|提取k后薪数|正常解析
55k-80k,55.0,80.0,12,660.0,960.0,月薪,预处理|补全前项k|补全后项k|正常解析
4-9K·14薪,4.0,9.0,14,56.0,126.0,月薪,预处理|补全前项k|补全后项k|提取k后薪数|正常解析
14-25K,14.0,25.0,12,168.0,300.0,月薪,预处理|补全前项k|补全后项k|正常解析
17-30K·16薪,17.0,30.0,16,272.0,480.0,月薪,预处理|补全前项k|补全后项k|提取k后薪数|正常解析
8-10K·14薪,8.0,10.0,14,112.0,140.0,月薪,预处理|补全前项k|补全后项k|提取k后薪数|正常解析
25-50K·14薪,25.0,50.0,14,350.0,700.0,月薪,预处理|补全前项k|补全后项k|提取k后薪数|正常解析
14-28K·14薪,14.0,28.0,14,196.0,392.0,月薪,预处理|补全前项k|补全后项k|提取k后薪数|正常解析
5-9K·14薪,5.0,9.0,14,70.0,126.0,月薪,预处理|补全前项k|补全后项k|提取k后薪数|正常解析
8-13K·18薪,8.0,13.0,18,144.0,234.0,月薪,预处理|补全前项k|补全后项k|提取k后薪数|正常解析
4-7K·14薪,4.0,7.0,14,56.0,98.0,月薪,预处理|补全前项k|补全后项k|提取k后薪数|正常解析
8k-16k·20薪,8.0,16.0,20,160.0,320.0,月薪,预处理|补全前项k|补全后项k|提取k后薪数|正常解析
3-5K·14薪,3.0,5.0,14,42.0,70.0,月薪,预处理|补全前项k|补全后项k|提取k后薪数|正常解析
30-35K·13薪,30.0,35.0,13,390.0,455.0,月薪,预处理|补全前项k|补全后项k|提取k后薪数|正常解析
30-35K,30.0,35.0,12,360.0,420.0,月薪,预处理|补全前项k|补全后项k|正常解析
20-28K,20.0,28.0,12,240.0,336.0,月薪,预处理|补全前项k|补全后项k|正常解析
20k-32k·14薪,20.0,32.0,14,280.0,448.0,月薪,预处理|补全前项k|补全后项k|提取k后薪数|正常解析
26k-40k,26.0,40.0,12,312.0,480.0,月薪,预处理|补全前项k|补全后项k|正常解析
88k-166k·17薪,88.0,166.0,17,1496.0,2822.0,月薪,预处理|补全前项k|补全后项k|提取k后薪数|正常解析
11-18K·13薪,11.0,18.0,13,143.0,234.0,月薪,预处理|补全前项k|补全后项k|提取k后薪数|正常解析
35-50K,35.0,50.0,12,420.0,600.0,月薪,预处理|补全前项k|补全后项k|正常解析
25-50K·13薪,25.0,50.0,13,325.0,650.0,月薪,预处理|补全前项k|补全后项k|提取k后薪数|正常解析
9-14K·17薪,9.0,14.0,17,153.0,238.0,月薪,预处理|补全前项k|补全后项k|提取k后薪数|正常解析
18-24K·14薪,18.0,24.0,14,252.0,336.0,月薪,预处理|补全前项k|补全后项k|提取k后薪数|正常解析
8-10K·15薪,8.0,10.0,15,120.0,150.0,月薪,预处理|补全前项k|补全后项k|提取k后薪数|正常解析
6-10K·15薪,6.0,10.0,15,90.0,150.0,月薪,预处理|补全前项k|补全后项k|提取k后薪数|正常解析
15k-23k·14薪,15.0,23.0,14,210.0,322.0,月薪,预处理|补全前项k|补全后项k|提取k后薪数|正常解析
16k-21k,16.0,21.0,12,192.0,252.0,月薪,预处理|补全前项k|补全后项k|正常解析
35k-65k·15薪,35.0,65.0,15,525.0,975.0,月薪,预处理|补全前项k|补全后项k|提取k后薪数|正常解析
31k-60k,31.0,60.0,12,372.0,720.0,月薪,预处理|补全前项k|补全后项k|正常解析
12-23K·13薪,12.0,23.0,13,156.0,299.0,月薪,预处理|补全前项k|补全后项k|提取k后薪数|正常解析
13-14K·14薪,13.0,14.0,14,182.0,196.0,月薪,预处理|补全前项k|补全后项k|提取k后薪数|正常解析
16k-20k·13薪,16.0,20.0,13,208.0,260.0,月薪,预处理|补全前项k|补全后项k|提取k后薪数|正常解析
12-22K·14薪,12.0,22.0,14,168.0,308.0,月薪,预处理|补全前项k|补全后项k|提取k后薪数|正常解析
12-24K·15薪,12.0,24.0,15,180.0,360.0,月薪,预处理|补全前项k|补全后项k|提取k后薪数|正常解析
12-24K·13薪,12.0,24.0,13,156.0,312.0,月薪,预处理|补全前项k|补全后项k|提取k后薪数|正常解析
12-18K·15薪,12.0,18.0,15,180.0,270.0,月薪,预处理|补全前项k|补全后项k|提取k后薪数|正常解析
15-25K·16薪,15.0,25.0,16,240.0,400.0,月薪,预处理|补全前项k|补全后项k|提取k后薪数|正常解析
6-8K·17薪,6.0,8.0,17,102.0,136.0,月薪,预处理|补全前项k|补全后项k|提取k后薪数|正常解析
25-30K·15薪,25.0,30.0,15,375.0,450.0,月薪,预处理|补全前项k|补全后项k|提取k后薪数|正常解析
15-20K·16薪,15.0,20.0,16,240.0,320.0,月薪,预处理|补全前项k|补全后项k|提取k后薪数|正常解析
10-15K·24薪,10.0,15.0,24,240.0,360.0,月薪,预处理|补全前项k|补全后项k|提取k后薪数|正常解析
13-22K,13.0,22.0,12,156.0,264.0,月薪,预处理|补全前项k|补全后项k|正常解析
18-20K,18.0,20.0,12,216.0,240.0,月薪,预处理|补全前项k|补全后项k|正常解析
17-21K·15薪,17.0,21.0,15,255.0,315.0,月薪,预处理|补全前项k|补全后项k|提取k后薪数|正常解析
6-12K,6.0,12.0,12,72.0,144.0,月薪,预处理|补全前项k|补全后项k|正常解析
10-14K,10.0,14.0,12,120.0,168.0,月薪,预处理|补全前项k|补全后项k|正常解析
11-15K,11.0,15.0,12,132.0,180.0,月薪,预处理|补全前项k|补全后项k|正常解析
25-45K·14薪,25.0,45.0,14,350.0,630.0,月薪,预处理|补全前项k|补全后项k|提取k后薪数|正常解析
16k-25k·14薪,16.0,25.0,14,224.0,350.0,月薪,预处理|补全前项k|补全后项k|提取k后薪数|正常解析
14k-28k·14薪,14.0,28.0,14,196.0,392.0,月薪,预处理|补全前项k|补全后项k|提取k后薪数|正常解析
40k-60k·14薪,40.0,60.0,14,560.0,840.0,月薪,预处理|补全前项k|补全后项k|提取k后薪数|正常解析
14k-25k·13薪,14.0,25.0,13,182.0,325.0,月薪,预处理|补全前项k|补全后项k|提取k后薪数|正常解析
40k-60k·15薪,40.0,60.0,15,600.0,900.0,月薪,预处理|补全前项k|补全后项k|提取k后薪数|正常解析
40k-60k·16薪,40.0,60.0,16,640.0,960.0,月薪,预处理|补全前项k|补全后项k|提取k后薪数|正常解析
35k-60k·13薪,35.0,60.0,13,455.0,780.0,月薪,预处理|补全前项k|补全后项k|提取k后薪数|正常解析
35k-55k·14薪,35.0,55.0,14,490.0,770.0,月薪,预处理|补全前项k|补全后项k|提取k后薪数|正常解析
30k-55k·15薪,30.0,55.0,15,450.0,825.0,月薪,预处理|补全前项k|补全后项k|提取k后薪数|正常解析
12k-23k·14薪,12.0,23.0,14,168.0,322.0,月薪,预处理|补全前项k|补全后项k|提取k后薪数|正常解析
26k-35k,26.0,35.0,12,312.0,420.0,月薪,预处理|补全前项k|补全后项k|正常解析
5k-10k·16薪,5.0,10.0,16,80.0,160.0,月薪,预处理|补全前项k|补全后项k|提取k后薪数|正常解析
15k-18k·17薪,15.0,18.0,17,255.0,306.0,月薪,预处理|补全前项k|补全后项k|提取k后薪数|正常解析
30k-45k·14薪,30.0,45.0,14,420.0,630.0,月薪,预处理|补全前项k|补全后项k|提取k后薪数|正常解析
16k-28k,16.0,28.0,12,192.0,336.0,月薪,预处理|补全前项k|补全后项k|正常解析
20k-30k·17薪,20.0,30.0,17,340.0,510.0,月薪,预处理|补全前项k|补全后项k|提取k后薪数|正常解析
18k-26k,18.0,26.0,12,216.0,312.0,月薪,预处理|补全前项k|补全后项k|正常解析
25k-36k·15薪,25.0,36.0,15,375.0,540.0,月薪,预处理|补全前项k|补全后项k|提取k后薪数|正常解析
30k-45k·15薪,30.0,45.0,15,450.0,675.0,月薪,预处理|补全前项k|补全后项k|提取k后薪数|正常解析
24k-40k,24.0,40.0,12,288.0,480.0,月薪,预处理|补全前项k|补全后项k|正常解析
10k-12k·14薪,10.0,12.0,14,140.0,168.0,月薪,预处理|补全前项k|补全后项k|提取k后薪数|正常解析
50k-80k·15薪,50.0,80.0,15,750.0,1200.0,月薪,预处理|补全前项k|补全后项k|提取k后薪数|正常解析
18-25K·13薪,18.0,25.0,13,234.0,325.0,月薪,预处理|补全前项k|补全后项k|提取k后薪数|正常解析
14-20K,14.0,20.0,12,168.0,240.0,月薪,预处理|补全前项k|补全后项k|正常解析
12-24K·14薪,12.0,24.0,14,168.0,336.0,月薪,预处理|补全前项k|补全后项k|提取k后薪数|正常解析
12-13K,12.0,13.0,12,144.0,156.0,月薪,预处理|补全前项k|补全后项k|正常解析
11-14K,11.0,14.0,12,132.0,168.0,月薪,预处理|补全前项k|补全后项k|正常解析
16-24K,16.0,24.0,12,192.0,288.0,月薪,预处理|补全前项k|补全后项k|正常解析
20-30K·16薪,20.0,30.0,16,320.0,480.0,月薪,预处理|补全前项k|补全后项k|提取k后薪数|正常解析
20-40K·13薪,20.0,40.0,13,260.0,520.0,月薪,预处理|补全前项k|补全后项k|提取k后薪数|正常解析
8-16K,8.0,16.0,12,96.0,192.0,月薪,预处理|补全前项k|补全后项k|正常解析
11-13K·13薪,11.0,13.0,13,143.0,169.0,月薪,预处理|补全前项k|补全后项k|提取k后薪数|正常解析
30k-55k,30.0,55.0,12,360.0,660.0,月薪,预处理|补全前项k|补全后项k|正常解析
17k-25k·13薪,17.0,25.0,13,221.0,325.0,月薪,预处理|补全前项k|补全后项k|提取k后薪数|正常解析
15k-28k·18薪,15.0,28.0,18,270.0,504.0,月薪,预处理|补全前项k|补全后项k|提取k后薪数|正常解析
22k-32k·15薪,22.0,32.0,15,330.0,480.0,月薪,预处理|补全前项k|补全后项k|提取k后薪数|正常解析
16k-22k·14薪,16.0,22.0,14,224.0,308.0,月薪,预处理|补全前项k|补全后项k|提取k后薪数|正常解析
25k-35k·20薪,25.0,35.0,20,500.0,700.0,月薪,预处理|补全前项k|补全后项k|提取k后薪数|正常解析
18k-22k·14薪,18.0,22.0,14,252.0,308.0,月薪,预处理|补全前项k|补全后项k|提取k后薪数|正常解析
60k-80k,60.0,80.0,12,720.0,960.0,月薪,预处理|补全前项k|补全后项k|正常解析
85k-100k,85.0,100.0,12,1020.0,1200.0,月薪,预处理|补全前项k|补全后项k|正常解析
22k-35k·14薪,22.0,35.0,14,308.0,490.0,月薪,预处理|补全前项k|补全后项k|提取k后薪数|正常解析
8-15K,8.0,15.0,12,96.0,180.0,月薪,预处理|补全前项k|补全后项k|正常解析
21-25K·13薪,21.0,25.0,13,273.0,325.0,月薪,预处理|补全前项k|补全后项k|提取k后薪数|正常解析
3-8K·13薪,3.0,8.0,13,39.0,104.0,月薪,预处理|补全前项k|补全后项k|提取k后薪数|正常解析
1-6K,1.0,6.0,12,12.0,72.0,月薪,预处理|补全前项k|补全后项k|正常解析
7-9K·14薪,7.0,9.0,14,98.0,126.0,月薪,预处理|补全前项k|补全后项k|提取k后薪数|正常解析
6-10K·14薪,6.0,10.0,14,84.0,140.0,月薪,预处理|补全前项k|补全后项k|提取k后薪数|正常解析
9-11K·13薪,9.0,11.0,13,117.0,143.0,月薪,预处理|补全前项k|补全后项k|提取k后薪数|正常解析
8-11K·13薪,8.0,11.0,13,104.0,143.0,月薪,预处理|补全前项k|补全后项k|提取k后薪数|正常解析
13-25K·14薪,13.0,25.0,14,182.0,350.0,月薪,预处理|补全前项k|补全后项k|提取k后薪数|正常解析
13k-17k·15薪,13.0,17.0,15,195.0,255.0,月薪,预处理|补全前项k|补全后项k|提取k后薪数|正常解析
6k-12k·15薪,6.0,12.0,15,90.0,180.0,月薪,预处理|补全前项k|补全后项k|提取k后薪数|正常解析
20-24K·13薪,20.0,24.0,13,260.0,312.0,月薪,预处理|补全前项k|补全后项k|提取k后薪数|正常解析
4k-4.5k,4.0,4.5,12,48.0,54.0,月薪,预处理|补全前项k|补全后项k|正常解析
18-23K·14薪,18.0,23.0,14,252.0,322.0,月薪,预处理|补全前项k|补全后项k|提取k后薪数|正常解析
15-16K,15.0,16.0,12,180.0,192.0,月薪,预处理|补全前项k|补全后项k|正常解析
15k-21k·13薪,15.0,21.0,13,195.0,273.0,月薪,预处理|补全前项k|补全后项k|提取k后薪数|正常解析
11k-18k·15薪,11.0,18.0,15,165.0,270.0,月薪,预处理|补全前项k|补全后项k|提取k后薪数|正常解析
17k-27k,17.0,27.0,12,204.0,324.0,月薪,预处理|补全前项k|补全后项k|正常解析
8k-11k·15薪,8.0,11.0,15,120.0,165.0,月薪,预处理|补全前项k|补全后项k|提取k后薪数|正常解析
5-7K·15薪,5.0,7.0,15,75.0,105.0,月薪,预处理|补全前项k|补全后项k|提取k后薪数|正常解析
7-12K·14薪,7.0,12.0,14,98.0,168.0,月薪,预处理|补全前项k|补全后项k|提取k后薪数|正常解析
25-30K·16薪,25.0,30.0,16,400.0,480.0,月薪,预处理|补全前项k|补全后项k|提取k后薪数|正常解析
20-21K,20.0,21.0,12,240.0,252.0,月薪,预处理|补全前项k|补全后项k|正常解析
19k-34k,19.0,34.0,12,228.0,408.0,月薪,预处理|补全前项k|补全后项k|正常解析
15k-22k·14薪,15.0,22.0,14,210.0,308.0,月薪,预处理|补全前项k|补全后项k|提取k后薪数|正常解析
14k-18k·14薪,14.0,18.0,14,196.0,252.0,月薪,预处理|补全前项k|补全后项k|提取k后薪数|正常解析
22k-35k·13薪,22.0,35.0,13,286.0,455.0,月薪,预处理|补全前项k|补全后项k|提取k后薪数|正常解析
35k-55k·13薪,35.0,55.0,13,455.0,715.0,月薪,预处理|补全前项k|补全后项k|提取k后薪数|正常解析
10k-18k·17薪,10.0,18.0,17,170.0,306.0,月薪,预处理|补全前项k|补全后项k|提取k后薪数|正常解析
16k-22k,16.0,22.0,12,192.0,264.0,月薪,预处理|补全前项k|补全后项k|正常解析
7k-14k·14薪,7.0,14.0,14,98.0,196.0,月薪,预处理|补全前项k|补全后项k|提取k后薪数|正常解析
16-25K·16薪,16.0,25.0,16,256.0,400.0,月薪,预处理|补全前项k|补全后项k|提取k后薪数|正常解析
11-18K·14薪,11.0,18.0,14,154.0,252.0,月薪,预处理|补全前项k|补全后项k|提取k后薪数|正常解析
6k-10k·17薪,6.0,10.0,17,102.0,170.0,月薪,预处理|补全前项k|补全后项k|提取k后薪数|正常解析
8k-10k·17薪,8.0,10.0,17,136.0,170.0,月薪,预处理|补全前项k|补全后项k|提取k后薪数|正常解析
18k-35k·15薪,18.0,35.0,15,270.0,525.0,月薪,预处理|补全前项k|补全后项k|提取k后薪数|正常解析
14k-25k,14.0,25.0,12,168.0,300.0,月薪,预处理|补全前项k|补全后项k|正常解析
7k-10k·16薪,7.0,10.0,16,112.0,160.0,月薪,预处理|补全前项k|补全后项k|提取k后薪数|正常解析
40k-63k,40.0,63.0,12,480.0,756.0,月薪,预处理|补全前项k|补全后项k|正常解析
4-9K·15薪,4.0,9.0,15,60.0,135.0,月薪,预处理|补全前项k|补全后项k|提取k后薪数|正常解析
50-55K,50.0,55.0,12,600.0,660.0,月薪,预处理|补全前项k|补全后项k|正常解析
4-7K·15薪,4.0,7.0,15,60.0,105.0,月薪,预处理|补全前项k|补全后项k|提取k后薪数|正常解析
13k-15k·14薪,13.0,15.0,14,182.0,210.0,月薪,预处理|补全前项k|补全后项k|提取k后薪数|正常解析
8k-13k·16薪,8.0,13.0,16,128.0,208.0,月薪,预处理|补全前项k|补全后项k|提取k后薪数|正常解析
16k-18k·15薪,16.0,18.0,15,240.0,270.0,月薪,预处理|补全前项k|补全后项k|提取k后薪数|正常解析
6k-10k·16薪,6.0,10.0,16,96.0,160.0,月薪,预处理|补全前项k|补全后项k|提取k后薪数|正常解析
17k-20k,17.0,20.0,12,204.0,240.0,月薪,预处理|补全前项k|补全后项k|正常解析
20k-25k·15薪,20.0,25.0,15,300.0,375.0,月薪,预处理|补全前项k|补全后项k|提取k后薪数|正常解析
18k-24k,18.0,24.0,12,216.0,288.0,月薪,预处理|补全前项k|补全后项k|正常解析
9k-14k·14薪,9.0,14.0,14,126.0,196.0,月薪,预处理|补全前项k|补全后项k|提取k后薪数|正常解析
25-26K,25.0,26.0,12,300.0,312.0,月薪,预处理|补全前项k|补全后项k|正常解析
10k-17k·17薪,10.0,17.0,17,170.0,289.0,月薪,预处理|补全前项k|补全后项k|提取k后薪数|正常解析
14-27K,14.0,27.0,12,168.0,324.0,月薪,预处理|补全前项k|补全后项k|正常解析
3-4K·14薪,3.0,4.0,14,42.0,56.0,月薪,预处理|补全前项k|补全后项k|提取k后薪数|正常解析
28k-55k,28.0,55.0,12,336.0,660.0,月薪,预处理|补全前项k|补全后项k|正常解析
22k-43k,22.0,43.0,12,264.0,516.0,月薪,预处理|补全前项k|补全后项k|正常解析
22k-40k,22.0,40.0,12,264.0,480.0,月薪,预处理|补全前项k|补全后项k|正常解析
30k-52k,30.0,52.0,12,360.0,624.0,月薪,预处理|补全前项k|补全后项k|正常解析
40k-55k,40.0,55.0,12,480.0,660.0,月薪,预处理|补全前项k|补全后项k|正常解析
60k-70k,60.0,70.0,12,720.0,840.0,月薪,预处理|补全前项k|补全后项k|正常解析
21k-40k,21.0,40.0,12,252.0,480.0,月薪,预处理|补全前项k|补全后项k|正常解析
18k-20k,18.0,20.0,12,216.0,240.0,月薪,预处理|补全前项k|补全后项k|正常解析
45k-50k,45.0,50.0,12,540.0,600.0,月薪,预处理|补全前项k|补全后项k|正常解析
17k-19k,17.0,19.0,12,204.0,228.0,月薪,预处理|补全前项k|补全后项k|正常解析
24k-45k,24.0,45.0,12,288.0,540.0,月薪,预处理|补全前项k|补全后项k|正常解析
23k-35k,23.0,35.0,12,276.0,420.0,月薪,预处理|补全前项k|补全后项k|正常解析
17k-23k,17.0,23.0,12,204.0,276.0,月薪,预处理|补全前项k|补全后项k|正常解析
28k-40k,28.0,40.0,12,336.0,480.0,月薪,预处理|补全前项k|补全后项k|正常解析
22k-32k,22.0,32.0,12,264.0,384.0,月薪,预处理|补全前项k|补全后项k|正常解析
23k-28k,23.0,28.0,12,276.0,336.0,月薪,预处理|补全前项k|补全后项k|正常解析
20k-23k,20.0,23.0,12,240.0,276.0,月薪,预处理|补全前项k|补全后项k|正常解析
12k-19k,12.0,19.0,12,144.0,228.0,月薪,预处理|补全前项k|补全后项k|正常解析
25k-48k,25.0,48.0,12,300.0,576.0,月薪,预处理|补全前项k|补全后项k|正常解析
17k-22k,17.0,22.0,12,204.0,264.0,月薪,预处理|补全前项k|补全后项k|正常解析
18k-23k,18.0,23.0,12,216.0,276.0,月薪,预处理|补全前项k|补全后项k|正常解析
28k-42k,28.0,42.0,12,336.0,504.0,月薪,预处理|补全前项k|补全后项k|正常解析
35k-55k,35.0,55.0,12,420.0,660.0,月薪,预处理|补全前项k|补全后项k|正常解析
45k-80k,45.0,80.0,12,540.0,960.0,月薪,预处理|补全前项k|补全后项k|正常解析
35k-56k,35.0,56.0,12,420.0,672.0,月薪,预处理|补全前项k|补全后项k|正常解析
28k-56k,28.0,56.0,12,336.0,672.0,月薪,预处理|补全前项k|补全后项k|正常解析
22k-35k,22.0,35.0,12,264.0,420.0,月薪,预处理|补全前项k|补全后项k|正常解析
27k-35k,27.0,35.0,12,324.0,420.0,月薪,预处理|补全前项k|补全后项k|正常解析
16k-24k,16.0,24.0,12,192.0,288.0,月薪,预处理|补全前项k|补全后项k|正常解析
18k-21k,18.0,21.0,12,216.0,252.0,月薪,预处理|补全前项k|补全后项k|正常解析
25k-32k,25.0,32.0,12,300.0,384.0,月薪,预处理|补全前项k|补全后项k|正常解析
25k-38k,25.0,38.0,12,300.0,456.0,月薪,预处理|补全前项k|补全后项k|正常解析
20k-22k,20.0,22.0,12,240.0,264.0,月薪,预处理|补全前项k|补全后项k|正常解析
22k-28k,22.0,28.0,12,264.0,336.0,月薪,预处理|补全前项k|补全后项k|正常解析
22k-30k,22.0,30.0,12,264.0,360.0,月薪,预处理|补全前项k|补全后项k|正常解析
14k-23k,14.0,23.0,12,168.0,276.0,月薪,预处理|补全前项k|补全后项k|正常解析
22k-26k,22.0,26.0,12,264.0,312.0,月薪,预处理|补全前项k|补全后项k|正常解析
13k-16k,13.0,16.0,12,156.0,192.0,月薪,预处理|补全前项k|补全后项k|正常解析
23k-40k,23.0,40.0,12,276.0,480.0,月薪,预处理|补全前项k|补全后项k|正常解析
45k-90k,45.0,90.0,12,540.0,1080.0,月薪,预处理|补全前项k|补全后项k|正常解析
28k-45k,28.0,45.0,12,336.0,540.0,月薪,预处理|补全前项k|补全后项k|正常解析
22k-37k,22.0,37.0,12,264.0,444.0,月薪,预处理|补全前项k|补全后项k|正常解析
21k-35k,21.0,35.0,12,252.0,420.0,月薪,预处理|补全前项k|补全后项k|正常解析
25-50K·18薪,25.0,50.0,18,450.0,900.0,月薪,预处理|补全前项k|补全后项k|提取k后薪数|正常解析
35-65K·13薪,35.0,65.0,13,455.0,845.0,月薪,预处理|补全前项k|补全后项k|提取k后薪数|正常解析
35-50K·15薪,35.0,50.0,15,525.0,750.0,月薪,预处理|补全前项k|补全后项k|提取k后薪数|正常解析
25-45K·13薪,25.0,45.0,13,325.0,585.0,月薪,预处理|补全前项k|补全后项k|提取k后薪数|正常解析
13-26K·13薪,13.0,26.0,13,169.0,338.0,月薪,预处理|补全前项k|补全后项k|提取k后薪数|正常解析
15-23K,15.0,23.0,12,180.0,276.0,月薪,预处理|补全前项k|补全后项k|正常解析
20-25K·16薪,20.0,25.0,16,320.0,400.0,月薪,预处理|补全前项k|补全后项k|提取k后薪数|正常解析
25-45K,25.0,45.0,12,300.0,540.0,月薪,预处理|补全前项k|补全后项k|正常解析
11-16K·15薪,11.0,16.0,15,165.0,240.0,月薪,预处理|补全前项k|补全后项k|提取k后薪数|正常解析
20-35K·13薪,20.0,35.0,13,260.0,455.0,月薪,预处理|补全前项k|补全后项k|提取k后薪数|正常解析
17-28K·13薪,17.0,28.0,13,221.0,364.0,月薪,预处理|补全前项k|补全后项k|提取k后薪数|正常解析
25-35K·13薪,25.0,35.0,13,325.0,455.0,月薪,预处理|补全前项k|补全后项k|提取k后薪数|正常解析
18-30K·13薪,18.0,30.0,13,234.0,390.0,月薪,预处理|补全前项k|补全后项k|提取k后薪数|正常解析
25-45K·16薪,25.0,45.0,16,400.0,720.0,月薪,预处理|补全前项k|补全后项k|提取k后薪数|正常解析
30-50K·15薪,30.0,50.0,15,450.0,750.0,月薪,预处理|补全前项k|补全后项k|提取k后薪数|正常解析
25-50K·16薪,25.0,50.0,16,400.0,800.0,月薪,预处理|补全前项k|补全后项k|提取k后薪数|正常解析
20-25K·13薪,20.0,25.0,13,260.0,325.0,月薪,预处理|补全前项k|补全后项k|提取k后薪数|正常解析
18-25K·14薪,18.0,25.0,14,252.0,350.0,月薪,预处理|补全前项k|补全后项k|提取k后薪数|正常解析
23-35K·14薪,23.0,35.0,14,322.0,490.0,月薪,预处理|补全前项k|补全后项k|提取k后薪数|正常解析
25-40K·14薪,25.0,40.0,14,350.0,560.0,月薪,预处理|补全前项k|补全后项k|提取k后薪数|正常解析
25-35K·15薪,25.0,35.0,15,375.0,525.0,月薪,预处理|补全前项k|补全后项k|提取k后薪数|正常解析
35-40K·16薪,35.0,40.0,16,560.0,640.0,月薪,预处理|补全前项k|补全后项k|提取k后薪数|正常解析
25-45K·15薪,25.0,45.0,15,375.0,675.0,月薪,预处理|补全前项k|补全后项k|提取k后薪数|正常解析
25-40K·13薪,25.0,40.0,13,325.0,520.0,月薪,预处理|补全前项k|补全后项k|提取k后薪数|正常解析
25-30K·13薪,25.0,30.0,13,325.0,390.0,月薪,预处理|补全前项k|补全后项k|提取k后薪数|正常解析
30-50K·16薪,30.0,50.0,16,480.0,800.0,月薪,预处理|补全前项k|补全后项k|提取k后薪数|正常解析
15-25K·17薪,15.0,25.0,17,255.0,425.0,月薪,预处理|补全前项k|补全后项k|提取k后薪数|正常解析
40-50K·13薪,40.0,50.0,13,520.0,650.0,月薪,预处理|补全前项k|补全后项k|提取k后薪数|正常解析
35-55K·15薪,35.0,55.0,15,525.0,825.0,月薪,预处理|补全前项k|补全后项k|提取k后薪数|正常解析
10-14K·13薪,10.0,14.0,13,130.0,182.0,月薪,预处理|补全前项k|补全后项k|提取k后薪数|正常解析
15-28K·18薪,15.0,28.0,18,270.0,504.0,月薪,预处理|补全前项k|补全后项k|提取k后薪数|正常解析
13-16K,13.0,16.0,12,156.0,192.0,月薪,预处理|补全前项k|补全后项k|正常解析
9-18K,9.0,18.0,12,108.0,216.0,月薪,预处理|补全前项k|补全后项k|正常解析
12-20K·15薪,12.0,20.0,15,180.0,300.0,月薪,预处理|补全前项k|补全后项k|提取k后薪数|正常解析
18-22K,18.0,22.0,12,216.0,264.0,月薪,预处理|补全前项k|补全后项k|正常解析
18-28K,18.0,28.0,12,216.0,336.0,月薪,预处理|补全前项k|补全后项k|正常解析
13-18K,13.0,18.0,12,156.0,216.0,月薪,预处理|补全前项k|补全后项k|正常解析
15-22K·15薪,15.0,22.0,15,225.0,330.0,月薪,预处理|补全前项k|补全后项k|提取k后薪数|正常解析
18-26K·13薪,18.0,26.0,13,234.0,338.0,月薪,预处理|补全前项k|补全后项k|提取k后薪数|正常解析
15-24K,15.0,24.0,12,180.0,288.0,月薪,预处理|补全前项k|补全后项k|正常解析
18-25K,18.0,25.0,12,216.0,300.0,月薪,预处理|补全前项k|补全后项k|正常解析
12-15K·14薪,12.0,15.0,14,168.0,210.0,月薪,预处理|补全前项k|补全后项k|提取k后薪数|正常解析
9-12K·13薪,9.0,12.0,13,117.0,156.0,月薪,预处理|补全前项k|补全后项k|提取k后薪数|正常解析
18-35K·13薪,18.0,35.0,13,234.0,455.0,月薪,预处理|补全前项k|补全后项k|提取k后薪数|正常解析
18-30K·14薪,18.0,30.0,14,252.0,420.0,月薪,预处理|补全前项k|补全后项k|提取k后薪数|正常解析
15-24K·13薪,15.0,24.0,13,195.0,312.0,月薪,预处理|补全前项k|补全后项k|提取k后薪数|正常解析
14-20K·13薪,14.0,20.0,13,182.0,260.0,月薪,预处理|补全前项k|补全后项k|提取k后薪数|正常解析
12-22K·13薪,12.0,22.0,13,156.0,286.0,月薪,预处理|补全前项k|补全后项k|提取k后薪数|正常解析
10-18K,10.0,18.0,12,120.0,216.0,月薪,预处理|补全前项k|补全后项k|正常解析
9-10K·14薪,9.0,10.0,14,126.0,140.0,月薪,预处理|补全前项k|补全后项k|提取k后薪数|正常解析
14-28K,14.0,28.0,12,168.0,336.0,月薪,预处理|补全前项k|补全后项k|正常解析
14-28K·15薪,14.0,28.0,15,210.0,420.0,月薪,预处理|补全前项k|补全后项k|提取k后薪数|正常解析
14-28K·16薪,14.0,28.0,16,224.0,448.0,月薪,预处理|补全前项k|补全后项k|提取k后薪数|正常解析
100-150元/天,3.0,4.5,12,36.0,54.0,日薪换算,预处理|元/天转月薪|构造标准文本|补全前项k|补全后项k|正常解析
25-35K·18薪,25.0,35.0,18,450.0,630.0,月薪,预处理|补全前项k|补全后项k|提取k后薪数|正常解析
12-21K·13薪,12.0,21.0,13,156.0,273.0,月薪,预处理|补全前项k|补全后项k|提取k后薪数|正常解析
16-30K·16薪,16.0,30.0,16,256.0,480.0,月薪,预处理|补全前项k|补全后项k|提取k后薪数|正常解析
35-65K·18薪,35.0,65.0,18,630.0,1170.0,月薪,预处理|补全前项k|补全后项k|提取k后薪数|正常解析
14k-16k,14.0,16.0,12,168.0,192.0,月薪,预处理|补全前项k|补全后项k|正常解析
25-40K·16薪,25.0,40.0,16,400.0,640.0,月薪,预处理|补全前项k|补全后项k|提取k后薪数|正常解析
24-48K,24.0,48.0,12,288.0,576.0,月薪,预处理|补全前项k|补全后项k|正常解析
23-30K,23.0,30.0,12,276.0,360.0,月薪,预处理|补全前项k|补全后项k|正常解析
150-200元/天,4.5,6.0,12,54.0,72.0,日薪换算,预处理|元/天转月薪|构造标准文本|补全前项k|补全后项k|正常解析
13-25K·13薪,13.0,25.0,13,169.0,325.0,月薪,预处理|补全前项k|补全后项k|提取k后薪数|正常解析
11-22K·15薪,11.0,22.0,15,165.0,330.0,月薪,预处理|补全前项k|补全后项k|提取k后薪数|正常解析
18-25K·15薪,18.0,25.0,15,270.0,375.0,月薪,预处理|补全前项k|补全后项k|提取k后薪数|正常解析
9-13K·13薪,9.0,13.0,13,117.0,169.0,月薪,预处理|补全前项k|补全后项k|提取k后薪数|正常解析
30-50K·14薪,30.0,50.0,14,420.0,700.0,月薪,预处理|补全前项k|补全后项k|提取k后薪数|正常解析
6-8K·14薪,6.0,8.0,14,84.0,112.0,月薪,预处理|补全前项k|补全后项k|提取k后薪数|正常解析
350-400元/天,10.5,12.0,12,126.0,144.0,日薪换算,预处理|元/天转月薪|构造标准文本|补全前项k|补全后项k|正常解析
11-20K·15薪,11.0,20.0,15,165.0,300.0,月薪,预处理|补全前项k|补全后项k|提取k后薪数|正常解析
200-260元/天,6.0,7.8,12,72.0,93.6,日薪换算,预处理|元/天转月薪|构造标准文本|补全前项k|补全后项k|正常解析
15-18K·13薪,15.0,18.0,13,195.0,234.0,月薪,预处理|补全前项k|补全后项k|提取k后薪数|正常解析
13-22K·13薪,13.0,22.0,13,169.0,286.0,月薪,预处理|补全前项k|补全后项k|提取k后薪数|正常解析
23-27K,23.0,27.0,12,276.0,324.0,月薪,预处理|补全前项k|补全后项k|正常解析
20-27K,20.0,27.0,12,240.0,324.0,月薪,预处理|补全前项k|补全后项k|正常解析
11-22K·13薪,11.0,22.0,13,143.0,286.0,月薪,预处理|补全前项k|补全后项k|提取k后薪数|正常解析
12-19K·14薪,12.0,19.0,14,168.0,266.0,月薪,预处理|补全前项k|补全后项k|提取k后薪数|正常解析
30-45K,30.0,45.0,12,360.0,540.0,月薪,预处理|补全前项k|补全后项k|正常解析
13-14K,13.0,14.0,12,156.0,168.0,月薪,预处理|补全前项k|补全后项k|正常解析
22-30K·15薪,22.0,30.0,15,330.0,450.0,月薪,预处理|补全前项k|补全后项k|提取k后薪数|正常解析
14-20K·14薪,14.0,20.0,14,196.0,280.0,月薪,预处理|补全前项k|补全后项k|提取k后薪数|正常解析
15-20K·15薪,15.0,20.0,15,225.0,300.0,月薪,预处理|补全前项k|补全后项k|提取k后薪数|正常解析
30-50K·13薪,30.0,50.0,13,390.0,650.0,月薪,预处理|补全前项k|补全后项k|提取k后薪数|正常解析
13-26K·14薪,13.0,26.0,14,182.0,364.0,月薪,预处理|补全前项k|补全后项k|提取k后薪数|正常解析
14-15K,14.0,15.0,12,168.0,180.0,月薪,预处理|补全前项k|补全后项k|正常解析
7-11K·14薪,7.0,11.0,14,98.0,154.0,月薪,预处理|补全前项k|补全后项k|提取k后薪数|正常解析
6-11K·15薪,6.0,11.0,15,90.0,165.0,月薪,预处理|补全前项k|补全后项k|提取k后薪数|正常解析
22-40K·13薪,22.0,40.0,13,286.0,520.0,月薪,预处理|补全前项k|补全后项k|提取k后薪数|正常解析
15-18K,15.0,18.0,12,180.0,216.0,月薪,预处理|补全前项k|补全后项k|正常解析
50-80K·14薪,50.0,80.0,14,700.0,1120.0,月薪,预处理|补全前项k|补全后项k|提取k后薪数|正常解析
13-26K,13.0,26.0,12,156.0,312.0,月薪,预处理|补全前项k|补全后项k|正常解析
18-30K·16薪,18.0,30.0,16,288.0,480.0,月薪,预处理|补全前项k|补全后项k|提取k后薪数|正常解析
20-40K·18薪,20.0,40.0,18,360.0,720.0,月薪,预处理|补全前项k|补全后项k|提取k后薪数|正常解析
150-300元/天,4.5,9.0,12,54.0,108.0,日薪换算,预处理|元/天转月薪|构造标准文本|补全前项k|补全后项k|正常解析
10-16K,10.0,16.0,12,120.0,192.0,月薪,预处理|补全前项k|补全后项k|正常解析
30-45K·13薪,30.0,45.0,13,390.0,585.0,月薪,预处理|补全前项k|补全后项k|提取k后薪数|正常解析
30-40K·13薪,30.0,40.0,13,390.0,520.0,月薪,预处理|补全前项k|补全后项k|提取k后薪数|正常解析
20-40K·17薪,20.0,40.0,17,340.0,680.0,月薪,预处理|补全前项k|补全后项k|提取k后薪数|正常解析
18-26K,18.0,26.0,12,216.0,312.0,月薪,预处理|补全前项k|补全后项k|正常解析
180-240元/天,5.4,7.2,12,64.8,86.4,日薪换算,预处理|元/天转月薪|构造标准文本|补全前项k|补全后项k|正常解析
15-23K·13薪,15.0,23.0,13,195.0,299.0,月薪,预处理|补全前项k|补全后项k|提取k后薪数|正常解析
200-250元/天,6.0,7.5,12,72.0,90.0,日薪换算,预处理|元/天转月薪|构造标准文本|补全前项k|补全后项k|正常解析
16-26K,16.0,26.0,12,192.0,312.0,月薪,预处理|补全前项k|补全后项k|正常解析
40-60K,40.0,60.0,12,480.0,720.0,月薪,预处理|补全前项k|补全后项k|正常解析
40-55K·15薪,40.0,55.0,15,600.0,825.0,月薪,预处理|补全前项k|补全后项k|提取k后薪数|正常解析
27-50K·14薪,27.0,50.0,14,378.0,700.0,月薪,预处理|补全前项k|补全后项k|提取k后薪数|正常解析
35-60K·15薪,35.0,60.0,15,525.0,900.0,月薪,预处理|补全前项k|补全后项k|提取k后薪数|正常解析
150-250元/天,4.5,7.5,12,54.0,90.0,日薪换算,预处理|元/天转月薪|构造标准文本|补全前项k|补全后项k|正常解析
24-30K·13薪,24.0,30.0,13,312.0,390.0,月薪,预处理|补全前项k|补全后项k|提取k后薪数|正常解析
100-200元/天,3.0,6.0,12,36.0,72.0,日薪换算,预处理|元/天转月薪|构造标准文本|补全前项k|补全后项k|正常解析
130-180元/天,3.9,5.4,12,46.8,64.8,日薪换算,预处理|元/天转月薪|构造标准文本|补全前项k|补全后项k|正常解析
120-180元/天,3.6,5.4,12,43.2,64.8,日薪换算,预处理|元/天转月薪|构造标准文本|补全前项k|补全后项k|正常解析
13-23K·16薪,13.0,23.0,16,208.0,368.0,月薪,预处理|补全前项k|补全后项k|提取k后薪数|正常解析
21-30K·15薪,21.0,30.0,15,315.0,450.0,月薪,预处理|补全前项k|补全后项k|提取k后薪数|正常解析
21-40K,21.0,40.0,12,252.0,480.0,月薪,预处理|补全前项k|补全后项k|正常解析
40-65K·15薪,40.0,65.0,15,600.0,975.0,月薪,预处理|补全前项k|补全后项k|提取k后薪数|正常解析
25-50K·17薪,25.0,50.0,17,425.0,850.0,月薪,预处理|补全前项k|补全后项k|提取k后薪数|正常解析
35-60K·16薪,35.0,60.0,16,560.0,960.0,月薪,预处理|补全前项k|补全后项k|提取k后薪数|正常解析
30-40K·14薪,30.0,40.0,14,420.0,560.0,月薪,预处理|补全前项k|补全后项k|提取k后薪数|正常解析
2万-3万·14薪,20.0,30.0,14,280.0,420.0,月薪,预处理|万转k|万转k|补全前项k|补全后项k|提取k后薪数|正常解析
2.5万-3万·14薪,25.0,30.0,14,350.0,420.0,月薪,预处理|万转k|万转k|补全前项k|补全后项k|提取k后薪数|正常解析
2.5万-4万·16薪,25.0,40.0,16,400.0,640.0,月薪,预处理|万转k|万转k|补全前项k|补全后项k|提取k后薪数|正常解析
2.1万-4万,21.0,40.0,12,252.0,480.0,月薪,预处理|万转k|万转k|补全前项k|补全后项k|正常解析
2万-4万·14薪,20.0,40.0,14,280.0,560.0,月薪,预处理|万转k|万转k|补全前项k|补全后项k|提取k后薪数|正常解析
3万-4.5万·14薪,30.0,45.0,14,420.0,630.0,月薪,预处理|万转k|万转k|补全前项k|补全后项k|提取k后薪数|正常解析
1.5万-2.5万·14薪,15.0,25.0,14,210.0,350.0,月薪,预处理|万转k|万转k|补全前项k|补全后项k|提取k后薪数|正常解析
1.1万-2万,11.0,20.0,12,132.0,240.0,月薪,预处理|万转k|万转k|补全前项k|补全后项k|正常解析
3万-5万·14薪,30.0,50.0,14,420.0,700.0,月薪,预处理|万转k|万转k|补全前项k|补全后项k|提取k后薪数|正常解析
面议,,,12,,,未解析,最终无匹配|面议
1.5万-3万·15薪,15.0,30.0,15,225.0,450.0,月薪,预处理|万转k|万转k|补全前项k|补全后项k|提取k后薪数|正常解析
2万-3.5万·16薪,20.0,35.0,16,320.0,560.0,月薪,预处理|万转k|万转k|补全前项k|补全后项k|提取k后薪数|正常解析
1.2万-1.8万,12.0,18.0,12,144.0,216.0,月薪,预处理|万转k|万转k|补全前项k|补全后项k|正常解析
14-18K·18薪,14.0,18.0,18,252.0,324.0,月薪,预处理|补全前项k|补全后项k|提取k后薪数|正常解析
40-65K·16薪,40.0,65.0,16,640.0,1040.0,月薪,预处理|补全前项k|补全后项k|提取k后薪数|正常解析
25-26K·15薪,25.0,26.0,15,375.0,390.0,月薪,预处理|补全前项k|补全后项k|提取k后薪数|正常解析
16-30K,16.0,30.0,12,192.0,360.0,月薪,预处理|补全前项k|补全后项k|正常解析
16-32K,16.0,32.0,12,192.0,384.0,月薪,预处理|补全前项k|补全后项k|正常解析
35-55K·14薪,35.0,55.0,14,490.0,770.0,月薪,预处理|补全前项k|补全后项k|提取k后薪数|正常解析
30-60K·18薪,30.0,60.0,18,540.0,1080.0,月薪,预处理|补全前项k|补全后项k|提取k后薪数|正常解析
30-40K·15薪,30.0,40.0,15,450.0,600.0,月薪,预处理|补全前项k|补全后项k|提取k后薪数|正常解析
60-75K·16薪,60.0,75.0,16,960.0,1200.0,月薪,预处理|补全前项k|补全后项k|提取k后薪数|正常解析
170-220元/天,5.1,6.6,12,61.2,79.2,日薪换算,预处理|元/天转月薪|构造标准文本|补全前项k|补全后项k|正常解析
35-65K·14薪,35.0,65.0,14,490.0,910.0,月薪,预处理|补全前项k|补全后项k|提取k后薪数|正常解析
15-30K·18薪,15.0,30.0,18,270.0,540.0,月薪,预处理|补全前项k|补全后项k|提取k后薪数|正常解析
35-65K·15薪,35.0,65.0,15,525.0,975.0,月薪,预处理|补全前项k|补全后项k|提取k后薪数|正常解析
180-220元/天,5.4,6.6,12,64.8,79.2,日薪换算,预处理|元/天转月薪|构造标准文本|补全前项k|补全后项k|正常解析
35-40K,35.0,40.0,12,420.0,480.0,月薪,预处理|补全前项k|补全后项k|正常解析
100-110元/天,3.0,3.3,12,36.0,39.6,日薪换算,预处理|元/天转月薪|构造标准文本|补全前项k|补全后项k|正常解析
15-27K·13薪,15.0,27.0,13,195.0,351.0,月薪,预处理|补全前项k|补全后项k|提取k后薪数|正常解析
20-25K·15薪,20.0,25.0,15,300.0,375.0,月薪,预处理|补全前项k|补全后项k|提取k后薪数|正常解析
17-25K,17.0,25.0,12,204.0,300.0,月薪,预处理|补全前项k|补全后项k|正常解析
30-60K·14薪,30.0,60.0,14,420.0,840.0,月薪,预处理|补全前项k|补全后项k|提取k后薪数|正常解析
23-35K·16薪,23.0,35.0,16,368.0,560.0,月薪,预处理|补全前项k|补全后项k|提取k后薪数|正常解析
35-65K·16薪,35.0,65.0,16,560.0,1040.0,月薪,预处理|补全前项k|补全后项k|提取k后薪数|正常解析
24-45K·15薪,24.0,45.0,15,360.0,675.0,月薪,预处理|补全前项k|补全后项k|提取k后薪数|正常解析
25-40K·18薪,25.0,40.0,18,450.0,720.0,月薪,预处理|补全前项k|补全后项k|提取k后薪数|正常解析
30-45K·15薪,30.0,45.0,15,450.0,675.0,月薪,预处理|补全前项k|补全后项k|提取k后薪数|正常解析
25-28K·15薪,25.0,28.0,15,375.0,420.0,月薪,预处理|补全前项k|补全后项k|提取k后薪数|正常解析
60-90K,60.0,90.0,12,720.0,1080.0,月薪,预处理|补全前项k|补全后项k|正常解析
16-26K·16薪,16.0,26.0,16,256.0,416.0,月薪,预处理|补全前项k|补全后项k|提取k后薪数|正常解析
17-18K·15薪,17.0,18.0,15,255.0,270.0,月薪,预处理|补全前项k|补全后项k|提取k后薪数|正常解析
25-38K,25.0,38.0,12,300.0,456.0,月薪,预处理|补全前项k|补全后项k|正常解析
15-28K·16薪,15.0,28.0,16,240.0,448.0,月薪,预处理|补全前项k|补全后项k|提取k后薪数|正常解析
25-30K·14薪,25.0,30.0,14,350.0,420.0,月薪,预处理|补全前项k|补全后项k|提取k后薪数|正常解析
30-55K·13薪,30.0,55.0,13,390.0,715.0,月薪,预处理|补全前项k|补全后项k|提取k后薪数|正常解析
15-30K·17薪,15.0,30.0,17,255.0,510.0,月薪,预处理|补全前项k|补全后项k|提取k后薪数|正常解析
23-40K,23.0,40.0,12,276.0,480.0,月薪,预处理|补全前项k|补全后项k|正常解析
30-45K·16薪,30.0,45.0,16,480.0,720.0,月薪,预处理|补全前项k|补全后项k|提取k后薪数|正常解析
20-35K·18薪,20.0,35.0,18,360.0,630.0,月薪,预处理|补全前项k|补全后项k|提取k后薪数|正常解析
18-35K·14薪,18.0,35.0,14,252.0,490.0,月薪,预处理|补全前项k|补全后项k|提取k后薪数|正常解析
40-60K·14薪,40.0,60.0,14,560.0,840.0,月薪,预处理|补全前项k|补全后项k|提取k后薪数|正常解析
27-35K·15薪,27.0,35.0,15,405.0,525.0,月薪,预处理|补全前项k|补全后项k|提取k后薪数|正常解析
15-25K·18薪,15.0,25.0,18,270.0,450.0,月薪,预处理|补全前项k|补全后项k|提取k后薪数|正常解析
60-80K·15薪,60.0,80.0,15,900.0,1200.0,月薪,预处理|补全前项k|补全后项k|提取k后薪数|正常解析
22-35K·13薪,22.0,35.0,13,286.0,455.0,月薪,预处理|补全前项k|补全后项k|提取k后薪数|正常解析
22-28K·14薪,22.0,28.0,14,308.0,392.0,月薪,预处理|补全前项k|补全后项k|提取k后薪数|正常解析
20-35K·16薪,20.0,35.0,16,320.0,560.0,月薪,预处理|补全前项k|补全后项k|提取k后薪数|正常解析
35-55K·16薪,35.0,55.0,16,560.0,880.0,月薪,预处理|补全前项k|补全后项k|提取k后薪数|正常解析
19-29K·16薪,19.0,29.0,16,304.0,464.0,月薪,预处理|补全前项k|补全后项k|提取k后薪数|正常解析
14-20K·18薪,14.0,20.0,18,252.0,360.0,月薪,预处理|补全前项k|补全后项k|提取k后薪数|正常解析
40-45K·14薪,40.0,45.0,14,560.0,630.0,月薪,预处理|补全前项k|补全后项k|提取k后薪数|正常解析
24-45K·18薪,24.0,45.0,18,432.0,810.0,月薪,预处理|补全前项k|补全后项k|提取k后薪数|正常解析
20-25K·14薪,20.0,25.0,14,280.0,350.0,月薪,预处理|补全前项k|补全后项k|提取k后薪数|正常解析
16-28K·15薪,16.0,28.0,15,240.0,420.0,月薪,预处理|补全前项k|补全后项k|提取k后薪数|正常解析
20k-36k,20.0,36.0,12,240.0,432.0,月薪,预处理|补全前项k|补全后项k|正常解析
13k-21k,13.0,21.0,12,156.0,252.0,月薪,预处理|补全前项k|补全后项k|正常解析
25k-34k,25.0,34.0,12,300.0,408.0,月薪,预处理|补全前项k|补全后项k|正常解析
30-60K·20薪,30.0,60.0,20,600.0,1200.0,月薪,预处理|补全前项k|补全后项k|提取k后薪数|正常解析
28-40K·13薪,28.0,40.0,13,364.0,520.0,月薪,预处理|补全前项k|补全后项k|提取k后薪数|正常解析
150-200K·16薪,150.0,200.0,16,2400.0,3200.0,月薪,预处理|补全前项k|补全后项k|提取k后薪数|正常解析
19-35K·14薪,19.0,35.0,14,266.0,490.0,月薪,预处理|补全前项k|补全后项k|提取k后薪数|正常解析
15-28K,15.0,28.0,12,180.0,336.0,月薪,预处理|补全前项k|补全后项k|正常解析
11-19K,11.0,19.0,12,132.0,228.0,月薪,预处理|补全前项k|补全后项k|正常解析
21-30K·14薪,21.0,30.0,14,294.0,420.0,月薪,预处理|补全前项k|补全后项k|提取k后薪数|正常解析
40-70K·16薪,40.0,70.0,16,640.0,1120.0,月薪,预处理|补全前项k|补全后项k|提取k后薪数|正常解析
26-50K,26.0,50.0,12,312.0,600.0,月薪,预处理|补全前项k|补全后项k|正常解析
19-30K·14薪,19.0,30.0,14,266.0,420.0,月薪,预处理|补全前项k|补全后项k|提取k后薪数|正常解析
45-75K·15薪,45.0,75.0,15,675.0,1125.0,月薪,预处理|补全前项k|补全后项k|提取k后薪数|正常解析
16-23K·13薪,16.0,23.0,13,208.0,299.0,月薪,预处理|补全前项k|补全后项k|提取k后薪数|正常解析
16-30K·14薪,16.0,30.0,14,224.0,420.0,月薪,预处理|补全前项k|补全后项k|提取k后薪数|正常解析
50-80K·15薪,50.0,80.0,15,750.0,1200.0,月薪,预处理|补全前项k|补全后项k|提取k后薪数|正常解析
26-35K,26.0,35.0,12,312.0,420.0,月薪,预处理|补全前项k|补全后项k|正常解析
25-30K·17薪,25.0,30.0,17,425.0,510.0,月薪,预处理|补全前项k|补全后项k|提取k后薪数|正常解析
30-60K·19薪,30.0,60.0,19,570.0,1140.0,月薪,预处理|补全前项k|补全后项k|提取k后薪数|正常解析
35-60K·14薪,35.0,60.0,14,490.0,840.0,月薪,预处理|补全前项k|补全后项k|提取k后薪数|正常解析
100-200K,100.0,200.0,12,1200.0,2400.0,月薪,预处理|补全前项k|补全后项k|正常解析
13-23K·13薪,13.0,23.0,13,169.0,299.0,月薪,预处理|补全前项k|补全后项k|提取k后薪数|正常解析
19-35K·15薪,19.0,35.0,15,285.0,525.0,月薪,预处理|补全前项k|补全后项k|提取k后薪数|正常解析
12-19K·13薪,12.0,19.0,13,156.0,247.0,月薪,预处理|补全前项k|补全后项k|提取k后薪数|正常解析
40-70K·18薪,40.0,70.0,18,720.0,1260.0,月薪,预处理|补全前项k|补全后项k|提取k后薪数|正常解析
45-70K·15薪,45.0,70.0,15,675.0,1050.0,月薪,预处理|补全前项k|补全后项k|提取k后薪数|正常解析
10-13K·14薪,10.0,13.0,14,140.0,182.0,月薪,预处理|补全前项k|补全后项k|提取k后薪数|正常解析
18-28K·13薪,18.0,28.0,13,234.0,364.0,月薪,预处理|补全前项k|补全后项k|提取k后薪数|正常解析
30-60K·13薪,30.0,60.0,13,390.0,780.0,月薪,预处理|补全前项k|补全后项k|提取k后薪数|正常解析
15-27K·15薪,15.0,27.0,15,225.0,405.0,月薪,预处理|补全前项k|补全后项k|提取k后薪数|正常解析
20-26K·14薪,20.0,26.0,14,280.0,364.0,月薪,预处理|补全前项k|补全后项k|提取k后薪数|正常解析
16-20K·14薪,16.0,20.0,14,224.0,280.0,月薪,预处理|补全前项k|补全后项k|提取k后薪数|正常解析
14-25K·14薪,14.0,25.0,14,196.0,350.0,月薪,预处理|补全前项k|补全后项k|提取k后薪数|正常解析
13-22K·15薪,13.0,22.0,15,195.0,330.0,月薪,预处理|补全前项k|补全后项k|提取k后薪数|正常解析
17-26K·14薪,17.0,26.0,14,238.0,364.0,月薪,预处理|补全前项k|补全后项k|提取k后薪数|正常解析
16-28K·14薪,16.0,28.0,14,224.0,392.0,月薪,预处理|补全前项k|补全后项k|提取k后薪数|正常解析
50-80K,50.0,80.0,12,600.0,960.0,月薪,预处理|补全前项k|补全后项k|正常解析
50-70K,50.0,70.0,12,600.0,840.0,月薪,预处理|补全前项k|补全后项k|正常解析
18-28K·16薪,18.0,28.0,16,288.0,448.0,月薪,预处理|补全前项k|补全后项k|提取k后薪数|正常解析
13-21K,13.0,21.0,12,156.0,252.0,月薪,预处理|补全前项k|补全后项k|正常解析
16-22K·13薪,16.0,22.0,13,208.0,286.0,月薪,预处理|补全前项k|补全后项k|提取k后薪数|正常解析
16-24K·13薪,16.0,24.0,13,208.0,312.0,月薪,预处理|补全前项k|补全后项k|提取k后薪数|正常解析
9-11K·15薪,9.0,11.0,15,135.0,165.0,月薪,预处理|补全前项k|补全后项k|提取k后薪数|正常解析
40-50K·14薪,40.0,50.0,14,560.0,700.0,月薪,预处理|补全前项k|补全后项k|提取k后薪数|正常解析
130-150元/天,3.9,4.5,12,46.8,54.0,日薪换算,预处理|元/天转月薪|构造标准文本|补全前项k|补全后项k|正常解析
11-22K·14薪,11.0,22.0,14,154.0,308.0,月薪,预处理|补全前项k|补全后项k|提取k后薪数|正常解析
35-65K,35.0,65.0,12,420.0,780.0,月薪,预处理|补全前项k|补全后项k|正常解析
20-21K·14薪,20.0,21.0,14,280.0,294.0,月薪,预处理|补全前项k|补全后项k|提取k后薪数|正常解析
30-55K·15薪,30.0,55.0,15,450.0,825.0,月薪,预处理|补全前项k|补全后项k|提取k后薪数|正常解析
28-40K·14薪,28.0,40.0,14,392.0,560.0,月薪,预处理|补全前项k|补全后项k|提取k后薪数|正常解析
30-35K·15薪,30.0,35.0,15,450.0,525.0,月薪,预处理|补全前项k|补全后项k|提取k后薪数|正常解析
22-25K,22.0,25.0,12,264.0,300.0,月薪,预处理|补全前项k|补全后项k|正常解析
70-100K·20薪,70.0,100.0,20,1400.0,2000.0,月薪,预处理|补全前项k|补全后项k|提取k后薪数|正常解析
17-30K,17.0,30.0,12,204.0,360.0,月薪,预处理|补全前项k|补全后项k|正常解析
23-35K,23.0,35.0,12,276.0,420.0,月薪,预处理|补全前项k|补全后项k|正常解析
45-60K·14薪,45.0,60.0,14,630.0,840.0,月薪,预处理|补全前项k|补全后项k|提取k后薪数|正常解析
24-30K·14薪,24.0,30.0,14,336.0,420.0,月薪,预处理|补全前项k|补全后项k|提取k后薪数|正常解析
40-60K·15薪,40.0,60.0,15,600.0,900.0,月薪,预处理|补全前项k|补全后项k|提取k后薪数|正常解析
11-20K·20薪,11.0,20.0,20,220.0,400.0,月薪,预处理|补全前项k|补全后项k|提取k后薪数|正常解析
28-45K·14薪,28.0,45.0,14,392.0,630.0,月薪,预处理|补全前项k|补全后项k|提取k后薪数|正常解析
17-22K·14薪,17.0,22.0,14,238.0,308.0,月薪,预处理|补全前项k|补全后项k|提取k后薪数|正常解析
24-35K,24.0,35.0,12,288.0,420.0,月薪,预处理|补全前项k|补全后项k|正常解析
18-27K·23薪,18.0,27.0,23,414.0,621.0,月薪,预处理|补全前项k|补全后项k|提取k后薪数|正常解析
30-55K·16薪,30.0,55.0,16,480.0,880.0,月薪,预处理|补全前项k|补全后项k|提取k后薪数|正常解析
30-60K·24薪,30.0,60.0,24,720.0,1440.0,月薪,预处理|补全前项k|补全后项k|提取k后薪数|正常解析
19-29K·15薪,19.0,29.0,15,285.0,435.0,月薪,预处理|补全前项k|补全后项k|提取k后薪数|正常解析
18-35K·18薪,18.0,35.0,18,324.0,630.0,月薪,预处理|补全前项k|补全后项k|提取k后薪数|正常解析
110-120元/天,3.3,3.6,12,39.6,43.2,日薪换算,预处理|元/天转月薪|构造标准文本|补全前项k|补全后项k|正常解析
14-16K,14.0,16.0,12,168.0,192.0,月薪,预处理|补全前项k|补全后项k|正常解析
200-300元/天,6.0,9.0,12,72.0,108.0,日薪换算,预处理|元/天转月薪|构造标准文本|补全前项k|补全后项k|正常解析
20-28K·13薪,20.0,28.0,13,260.0,364.0,月薪,预处理|补全前项k|补全后项k|提取k后薪数|正常解析
23-45K,23.0,45.0,12,276.0,540.0,月薪,预处理|补全前项k|补全后项k|正常解析
20-36K,20.0,36.0,12,240.0,432.0,月薪,预处理|补全前项k|补全后项k|正常解析
15-19K·13薪,15.0,19.0,13,195.0,247.0,月薪,预处理|补全前项k|补全后项k|提取k后薪数|正常解析
22-30K,22.0,30.0,12,264.0,360.0,月薪,预处理|补全前项k|补全后项k|正常解析
12-16K·13薪,12.0,16.0,13,156.0,208.0,月薪,预处理|补全前项k|补全后项k|提取k后薪数|正常解析
23-40K·13薪,23.0,40.0,13,299.0,520.0,月薪,预处理|补全前项k|补全后项k|提取k后薪数|正常解析
18-24K,18.0,24.0,12,216.0,288.0,月薪,预处理|补全前项k|补全后项k|正常解析
21-35K·14薪,21.0,35.0,14,294.0,490.0,月薪,预处理|补全前项k|补全后项k|提取k后薪数|正常解析
15-22K·14薪,15.0,22.0,14,210.0,308.0,月薪,预处理|补全前项k|补全后项k|提取k后薪数|正常解析
45-75K·16薪,45.0,75.0,16,720.0,1200.0,月薪,预处理|补全前项k|补全后项k|提取k后薪数|正常解析
26-45K,26.0,45.0,12,312.0,540.0,月薪,预处理|补全前项k|补全后项k|正常解析
60-90K·15薪,60.0,90.0,15,900.0,1350.0,月薪,预处理|补全前项k|补全后项k|提取k后薪数|正常解析
30-45K·14薪,30.0,45.0,14,420.0,630.0,月薪,预处理|补全前项k|补全后项k|提取k后薪数|正常解析
17-26K,17.0,26.0,12,204.0,312.0,月薪,预处理|补全前项k|补全后项k|正常解析
50-80K·16薪,50.0,80.0,16,800.0,1280.0,月薪,预处理|补全前项k|补全后项k|提取k后薪数|正常解析
35-50K·14薪,35.0,50.0,14,490.0,700.0,月薪,预处理|补全前项k|补全后项k|提取k后薪数|正常解析
22-40K,22.0,40.0,12,264.0,480.0,月薪,预处理|补全前项k|补全后项k|正常解析
200-210元/天,6.0,6.3,12,72.0,75.6,日薪换算,预处理|元/天转月薪|构造标准文本|补全前项k|补全后项k|正常解析
240-300元/天,7.2,9.0,12,86.4,108.0,日薪换算,预处理|元/天转月薪|构造标准文本|补全前项k|补全后项k|正常解析
180-230元/天,5.4,6.9,12,64.8,82.8,日薪换算,预处理|元/天转月薪|构造标准文本|补全前项k|补全后项k|正常解析
16-28K,16.0,28.0,12,192.0,336.0,月薪,预处理|补全前项k|补全后项k|正常解析
12-25K·14薪,12.0,25.0,14,168.0,350.0,月薪,预处理|补全前项k|补全后项k|提取k后薪数|正常解析
24-40K·14薪,24.0,40.0,14,336.0,560.0,月薪,预处理|补全前项k|补全后项k|提取k后薪数|正常解析
13-16K·13薪,13.0,16.0,13,169.0,208.0,月薪,预处理|补全前项k|补全后项k|提取k后薪数|正常解析
15-19K·14薪,15.0,19.0,14,210.0,266.0,月薪,预处理|补全前项k|补全后项k|提取k后薪数|正常解析
30-40K·16薪,30.0,40.0,16,480.0,640.0,月薪,预处理|补全前项k|补全后项k|提取k后薪数|正常解析
22-35K,22.0,35.0,12,264.0,420.0,月薪,预处理|补全前项k|补全后项k|正常解析
20-24K,20.0,24.0,12,240.0,288.0,月薪,预处理|补全前项k|补全后项k|正常解析
26-50K·14薪,26.0,50.0,14,364.0,700.0,月薪,预处理|补全前项k|补全后项k|提取k后薪数|正常解析
14-18K,14.0,18.0,12,168.0,216.0,月薪,预处理|补全前项k|补全后项k|正常解析
50-70K·16薪,50.0,70.0,16,800.0,1120.0,月薪,预处理|补全前项k|补全后项k|提取k后薪数|正常解析
18-20K·13薪,18.0,20.0,13,234.0,260.0,月薪,预处理|补全前项k|补全后项k|提取k后薪数|正常解析
18-35K·17薪,18.0,35.0,17,306.0,595.0,月薪,预处理|补全前项k|补全后项k|提取k后薪数|正常解析
16-23K,16.0,23.0,12,192.0,276.0,月薪,预处理|补全前项k|补全后项k|正常解析
18-26K·14薪,18.0,26.0,14,252.0,364.0,月薪,预处理|补全前项k|补全后项k|提取k后薪数|正常解析
15-28K·14薪,15.0,28.0,14,210.0,392.0,月薪,预处理|补全前项k|补全后项k|提取k后薪数|正常解析
15-16K·15薪,15.0,16.0,15,225.0,240.0,月薪,预处理|补全前项k|补全后项k|提取k后薪数|正常解析
19-30K,19.0,30.0,12,228.0,360.0,月薪,预处理|补全前项k|补全后项k|正常解析
15-28K·15薪,15.0,28.0,15,225.0,420.0,月薪,预处理|补全前项k|补全后项k|提取k后薪数|正常解析
25-45K·18薪,25.0,45.0,18,450.0,810.0,月薪,预处理|补全前项k|补全后项k|提取k后薪数|正常解析
16-30K·13薪,16.0,30.0,13,208.0,390.0,月薪,预处理|补全前项k|补全后项k|提取k后薪数|正常解析
28-40K·15薪,28.0,40.0,15,420.0,600.0,月薪,预处理|补全前项k|补全后项k|提取k后薪数|正常解析
28-36K,28.0,36.0,12,336.0,432.0,月薪,预处理|补全前项k|补全后项k|正常解析
40-60K·16薪,40.0,60.0,16,640.0,960.0,月薪,预处理|补全前项k|补全后项k|提取k后薪数|正常解析
120-150元/天,3.6,4.5,12,43.2,54.0,日薪换算,预处理|元/天转月薪|构造标准文本|补全前项k|补全后项k|正常解析
50-60K·16薪,50.0,60.0,16,800.0,960.0,月薪,预处理|补全前项k|补全后项k|提取k后薪数|正常解析
17-30K·14薪,17.0,30.0,14,238.0,420.0,月薪,预处理|补全前项k|补全后项k|提取k后薪数|正常解析
12-21K·14薪,12.0,21.0,14,168.0,294.0,月薪,预处理|补全前项k|补全后项k|提取k后薪数|正常解析
22-23K,22.0,23.0,12,264.0,276.0,月薪,预处理|补全前项k|补全后项k|正常解析
13-17K·13薪,13.0,17.0,13,169.0,221.0,月薪,预处理|补全前项k|补全后项k|提取k后薪数|正常解析
180-260元/天,5.4,7.8,12,64.8,93.6,日薪换算,预处理|元/天转月薪|构造标准文本|补全前项k|补全后项k|正常解析
100-120元/天,3.0,3.6,12,36.0,43.2,日薪换算,预处理|元/天转月薪|构造标准文本|补全前项k|补全后项k|正常解析
35-55K,35.0,55.0,12,420.0,660.0,月薪,预处理|补全前项k|补全后项k|正常解析
12-18K·16薪,12.0,18.0,16,192.0,288.0,月薪,预处理|补全前项k|补全后项k|提取k后薪数|正常解析
50-70K·15薪,50.0,70.0,15,750.0,1050.0,月薪,预处理|补全前项k|补全后项k|提取k后薪数|正常解析
45-75K,45.0,75.0,12,540.0,900.0,月薪,预处理|补全前项k|补全后项k|正常解析
30-35K·16薪,30.0,35.0,16,480.0,560.0,月薪,预处理|补全前项k|补全后项k|提取k后薪数|正常解析
20-39K,20.0,39.0,12,240.0,468.0,月薪,预处理|补全前项k|补全后项k|正常解析
22-35K·14薪,22.0,35.0,14,308.0,490.0,月薪,预处理|补全前项k|补全后项k|提取k后薪数|正常解析
100-180元/天,3.0,5.4,12,36.0,64.8,日薪换算,预处理|元/天转月薪|构造标准文本|补全前项k|补全后项k|正常解析
150-160元/天,4.5,4.8,12,54.0,57.6,日薪换算,预处理|元/天转月薪|构造标准文本|补全前项k|补全后项k|正常解析
70-100K·15薪,70.0,100.0,15,1050.0,1500.0,月薪,预处理|补全前项k|补全后项k|提取k后薪数|正常解析
15-26K·14薪,15.0,26.0,14,210.0,364.0,月薪,预处理|补全前项k|补全后项k|提取k后薪数|正常解析
70-90K·15薪,70.0,90.0,15,1050.0,1350.0,月薪,预处理|补全前项k|补全后项k|提取k后薪数|正常解析
50-75K·15薪,50.0,75.0,15,750.0,1125.0,月薪,预处理|补全前项k|补全后项k|提取k后薪数|正常解析
20-21K·13薪,20.0,21.0,13,260.0,273.0,月薪,预处理|补全前项k|补全后项k|提取k后薪数|正常解析
10-11K·14薪,10.0,11.0,14,140.0,154.0,月薪,预处理|补全前项k|补全后项k|提取k后薪数|正常解析
30-35K·14薪,30.0,35.0,14,420.0,490.0,月薪,预处理|补全前项k|补全后项k|提取k后薪数|正常解析
20-28K·15薪,20.0,28.0,15,300.0,420.0,月薪,预处理|补全前项k|补全后项k|提取k后薪数|正常解析
13-24K·13薪,13.0,24.0,13,169.0,312.0,月薪,预处理|补全前项k|补全后项k|提取k后薪数|正常解析
1-4K,1.0,4.0,12,12.0,48.0,月薪,预处理|补全前项k|补全后项k|正常解析
14-16K·13薪,14.0,16.0,13,182.0,208.0,月薪,预处理|补全前项k|补全后项k|提取k后薪数|正常解析
100k-150k,100.0,150.0,12,1200.0,1800.0,月薪,预处理|补全前项k|补全后项k|正常解析
5k-9k·15薪,5.0,9.0,15,75.0,135.0,月薪,预处理|补全前项k|补全后项k|提取k后薪数|正常解析
70k-120k,70.0,120.0,12,840.0,1440.0,月薪,预处理|补全前项k|补全后项k|正常解析
6k-9k·15薪,6.0,9.0,15,90.0,135.0,月薪,预处理|补全前项k|补全后项k|提取k后薪数|正常解析
8k-9k·14薪,8.0,9.0,14,112.0,126.0,月薪,预处理|补全前项k|补全后项k|提取k后薪数|正常解析
4k-6K,4.0,6.0,12,48.0,72.0,月薪,预处理|补全前项k|补全后项k|正常解析
8k-10K,8.0,10.0,12,96.0,120.0,月薪,预处理|补全前项k|补全后项k|正常解析
5k-10K,5.0,10.0,12,60.0,120.0,月薪,预处理|补全前项k|补全后项k|正常解析
3k-4K·13薪,3.0,4.0,13,39.0,52.0,月薪,预处理|补全前项k|补全后项k|提取k后薪数|正常解析
2k-3K,2.0,3.0,12,24.0,36.0,月薪,预处理|补全前项k|补全后项k|正常解析
4k-5K,4.0,5.0,12,48.0,60.0,月薪,预处理|补全前项k|补全后项k|正常解析
10k-11K,10.0,11.0,12,120.0,132.0,月薪,预处理|补全前项k|补全后项k|正常解析
2k-5K,2.0,5.0,12,24.0,60.0,月薪,预处理|补全前项k|补全后项k|正常解析
2k-4K,2.0,4.0,12,24.0,48.0,月薪,预处理|补全前项k|补全后项k|正常解析
3k-4K,3.0,4.0,12,36.0,48.0,月薪,预处理|补全前项k|补全后项k|正常解析
7k-9K,7.0,9.0,12,84.0,108.0,月薪,预处理|补全前项k|补全后项k|正常解析
6k-10K,6.0,10.0,12,72.0,120.0,月薪,预处理|补全前项k|补全后项k|正常解析
4k-7K,4.0,7.0,12,48.0,84.0,月薪,预处理|补全前项k|补全后项k|正常解析
6k-7K·14薪,6.0,7.0,14,84.0,98.0,月薪,预处理|补全前项k|补全后项k|提取k后薪数|正常解析
6k-8K,6.0,8.0,12,72.0,96.0,月薪,预处理|补全前项k|补全后项k|正常解析
4k-9K,4.0,9.0,12,48.0,108.0,月薪,预处理|补全前项k|补全后项k|正常解析
4k-8K,4.0,8.0,12,48.0,96.0,月薪,预处理|补全前项k|补全后项k|正常解析
5k-8K,5.0,8.0,12,60.0,96.0,月薪,预处理|补全前项k|补全后项k|正常解析
3k-8K,3.0,8.0,12,36.0,96.0,月薪,预处理|补全前项k|补全后项k|正常解析
3k-5K,3.0,5.0,12,36.0,60.0,月薪,预处理|补全前项k|补全后项k|正常解析
5k-6K,5.0,6.0,12,60.0,72.0,月薪,预处理|补全前项k|补全后项k|正常解析
8k-9K,8.0,9.0,12,96.0,108.0,月薪,预处理|补全前项k|补全后项k|正常解析
6k-11K,6.0,11.0,12,72.0,132.0,月薪,预处理|补全前项k|补全后项k|正常解析
4k-5K·13薪,4.0,5.0,13,52.0,65.0,月薪,预处理|补全前项k|补全后项k|提取k后薪数|正常解析
7k-12K,7.0,12.0,12,84.0,144.0,月薪,预处理|补全前项k|补全后项k|正常解析
9k-12K,9.0,12.0,12,108.0,144.0,月薪,预处理|补全前项k|补全后项k|正常解析
3k-6K,3.0,6.0,12,36.0,72.0,月薪,预处理|补全前项k|补全后项k|正常解析
5k-7K,5.0,7.0,12,60.0,84.0,月薪,预处理|补全前项k|补全后项k|正常解析
1k-2K,1.0,2.0,12,12.0,24.0,月薪,预处理|补全前项k|补全后项k|正常解析
5k-9K,5.0,9.0,12,60.0,108.0,月薪,预处理|补全前项k|补全后项k|正常解析
5k-6K·13薪,5.0,6.0,13,65.0,78.0,月薪,预处理|补全前项k|补全后项k|提取k后薪数|正常解析
6k-7K,6.0,7.0,12,72.0,84.0,月薪,预处理|补全前项k|补全后项k|正常解析
6k-9K·13薪,6.0,9.0,13,78.0,117.0,月薪,预处理|补全前项k|补全后项k|提取k后薪数|正常解析
8k-12K·13薪,8.0,12.0,13,104.0,156.0,月薪,预处理|补全前项k|补全后项k|提取k后薪数|正常解析
10k-15K·15薪,10.0,15.0,15,150.0,225.0,月薪,预处理|补全前项k|补全后项k|提取k后薪数|正常解析
8k-13K·13薪,8.0,13.0,13,104.0,169.0,月薪,预处理|补全前项k|补全后项k|提取k后薪数|正常解析
7k-8K·13薪,7.0,8.0,13,91.0,104.0,月薪,预处理|补全前项k|补全后项k|提取k后薪数|正常解析
5k-8K·14薪,5.0,8.0,14,70.0,112.0,月薪,预处理|补全前项k|补全后项k|提取k后薪数|正常解析
4k-6K·13薪,4.0,6.0,13,52.0,78.0,月薪,预处理|补全前项k|补全后项k|提取k后薪数|正常解析
6k-8K·15薪,6.0,8.0,15,90.0,120.0,月薪,预处理|补全前项k|补全后项k|提取k后薪数|正常解析
6k-9K,6.0,9.0,12,72.0,108.0,月薪,预处理|补全前项k|补全后项k|正常解析
2k-7K·13薪,2.0,7.0,13,26.0,91.0,月薪,预处理|补全前项k|补全后项k|提取k后薪数|正常解析
1k-4K,1.0,4.0,12,12.0,48.0,月薪,预处理|补全前项k|补全后项k|正常解析
5k-8K·13薪,5.0,8.0,13,65.0,104.0,月薪,预处理|补全前项k|补全后项k|提取k后薪数|正常解析
8k-12K,8.0,12.0,12,96.0,144.0,月薪,预处理|补全前项k|补全后项k|正常解析
7k-10K,7.0,10.0,12,84.0,120.0,月薪,预处理|补全前项k|补全后项k|正常解析
5k-10K·13薪,5.0,10.0,13,65.0,130.0,月薪,预处理|补全前项k|补全后项k|提取k后薪数|正常解析
5k-7K·13薪,5.0,7.0,13,65.0,91.0,月薪,预处理|补全前项k|补全后项k|提取k后薪数|正常解析
8k-13K,8.0,13.0,12,96.0,156.0,月薪,预处理|补全前项k|补全后项k|正常解析
3k-7K,3.0,7.0,12,36.0,84.0,月薪,预处理|补全前项k|补全后项k|正常解析
8k-11K·13薪,8.0,11.0,13,104.0,143.0,月薪,预处理|补全前项k|补全后项k|提取k后薪数|正常解析
6k-8K·16薪,6.0,8.0,16,96.0,128.0,月薪,预处理|补全前项k|补全后项k|提取k后薪数|正常解析
10k-15K,10.0,15.0,12,120.0,180.0,月薪,预处理|补全前项k|补全后项k|正常解析
7k-11K,7.0,11.0,12,84.0,132.0,月薪,预处理|补全前项k|补全后项k|正常解析
2k-7K,2.0,7.0,12,24.0,84.0,月薪,预处理|补全前项k|补全后项k|正常解析
3k-7K·13薪,3.0,7.0,13,39.0,91.0,月薪,预处理|补全前项k|补全后项k|提取k后薪数|正常解析
3k-8K·13薪,3.0,8.0,13,39.0,104.0,月薪,预处理|补全前项k|补全后项k|提取k后薪数|正常解析
4k-8K·13薪,4.0,8.0,13,52.0,104.0,月薪,预处理|补全前项k|补全后项k|提取k后薪数|正常解析
6k-8K·13薪,6.0,8.0,13,78.0,104.0,月薪,预处理|补全前项k|补全后项k|提取k后薪数|正常解析
7k-12K·13薪,7.0,12.0,13,91.0,156.0,月薪,预处理|补全前项k|补全后项k|提取k后薪数|正常解析
3k-5K·13薪,3.0,5.0,13,39.0,65.0,月薪,预处理|补全前项k|补全后项k|提取k后薪数|正常解析
2k-6K,2.0,6.0,12,24.0,72.0,月薪,预处理|补全前项k|补全后项k|正常解析
7k-8K,7.0,8.0,12,84.0,96.0,月薪,预处理|补全前项k|补全后项k|正常解析
8k-13k·17薪,8.0,13.0,17,136.0,221.0,月薪,预处理|补全前项k|补全后项k|提取k后薪数|正常解析
5k-9k·14薪,5.0,9.0,14,70.0,126.0,月薪,预处理|补全前项k|补全后项k|提取k后薪数|正常解析
10k-12k·16薪,10.0,12.0,16,160.0,192.0,月薪,预处理|补全前项k|补全后项k|提取k后薪数|正常解析
9k-17k·14薪,9.0,17.0,14,126.0,238.0,月薪,预处理|补全前项k|补全后项k|提取k后薪数|正常解析
9k-10k·13薪,9.0,10.0,13,117.0,130.0,月薪,预处理|补全前项k|补全后项k|提取k后薪数|正常解析
5k-1k,1.0,5.0,12,12.0,60.0,月薪,预处理|补全前项k|补全后项k|正常解析|倒挂修正
1k-15k,1.0,15.0,12,12.0,180.0,月薪,预处理|补全前项k|补全后项k|正常解析
0.8k-1k,0.8,1.0,12,9.6,12.0,月薪,预处理|补全前项k|补全后项k|正常解析
8k-1k,1.0,8.0,12,12.0,96.0,月薪,预处理|补全前项k|补全后项k|正常解析|倒挂修正
6k-1k,1.0,6.0,12,12.0,72.0,月薪,预处理|补全前项k|补全后项k|正常解析|倒挂修正
65k-12k,12.0,65.0,12,144.0,780.0,月薪,预处理|补全前项k|补全后项k|正常解析|倒挂修正
4k-45k,4.0,45.0,12,48.0,540.0,月薪,预处理|补全前项k|补全后项k|正常解析
75k-1k,1.0,75.0,12,12.0,900.0,月薪,预处理|补全前项k|补全后项k|正常解析|倒挂修正
7k-1k,1.0,7.0,12,12.0,84.0,月薪,预处理|补全前项k|补全后项k|正常解析|倒挂修正
43k-75k,43.0,75.0,12,516.0,900.0,月薪,预处理|补全前项k|补全后项k|正常解析
16k-33k,16.0,33.0,12,192.0,396.0,月薪,预处理|补全前项k|补全后项k|正常解析
5k-11k,5.0,11.0,12,60.0,132.0,月薪,预处理|补全前项k|补全后项k|正常解析
5k-2k,2.0,5.0,12,24.0,60.0,月薪,预处理|补全前项k|补全后项k|正常解析|倒挂修正
100k-151k,100.0,151.0,12,1200.0,1812.0,月薪,预处理|补全前项k|补全后项k|正常解析
9k-19k,9.0,19.0,12,108.0,228.0,月薪,预处理|补全前项k|补全后项k|正常解析
8k-17k,8.0,17.0,12,96.0,204.0,月薪,预处理|补全前项k|补全后项k|正常解析
6k-8k·17薪,6.0,8.0,17,102.0,136.0,月薪,预处理|补全前项k|补全后项k|提取k后薪数|正常解析
3k-7k,3.0,7.0,12,36.0,84.0,月薪,预处理|补全前项k|补全后项k|正常解析
5k-4k,4.0,5.0,12,48.0,60.0,月薪,预处理|补全前项k|补全后项k|正常解析|倒挂修正
4k-9k,4.0,9.0,12,48.0,108.0,月薪,预处理|补全前项k|补全后项k|正常解析
7k-6k,6.0,7.0,12,72.0,84.0,月薪,预处理|补全前项k|补全后项k|正常解析|倒挂修正
6k-4k,4.0,6.0,12,48.0,72.0,月薪,预处理|补全前项k|补全后项k|正常解析|倒挂修正
6k-0k,0.0,6.0,12,0.0,72.0,月薪,预处理|补全前项k|补全后项k|正常解析|倒挂修正
3k-4k·14薪,3.0,4.0,14,42.0,56.0,月薪,预处理|补全前项k|补全后项k|提取k后薪数|正常解析
6k-13k,6.0,13.0,12,72.0,156.0,月薪,预处理|补全前项k|补全后项k|正常解析
8k-18k,8.0,18.0,12,96.0,216.0,月薪,预处理|补全前项k|补全后项k|正常解析
8k-22k,8.0,22.0,12,96.0,264.0,月薪,预处理|补全前项k|补全后项k|正常解析
7k-8k·14薪,7.0,8.0,14,98.0,112.0,月薪,预处理|补全前项k|补全后项k|提取k后薪数|正常解析
6k-14k,6.0,14.0,12,72.0,168.0,月薪,预处理|补全前项k|补全后项k|正常解析
6k-17k,6.0,17.0,12,72.0,204.0,月薪,预处理|补全前项k|补全后项k|正常解析
5k-9k·16薪,5.0,9.0,16,80.0,144.0,月薪,预处理|补全前项k|补全后项k|提取k后薪数|正常解析
7k-15k,7.0,15.0,12,84.0,180.0,月薪,预处理|补全前项k|补全后项k|正常解析
7k-16k,7.0,16.0,12,84.0,192.0,月薪,预处理|补全前项k|补全后项k|正常解析
7k-19k,7.0,19.0,12,84.0,228.0,月薪,预处理|补全前项k|补全后项k|正常解析
6k-6k,6.0,6.0,12,72.0,72.0,月薪,预处理|补全前项k|补全后项k|正常解析
70k-121k,70.0,121.0,12,840.0,1452.0,月薪,预处理|补全前项k|补全后项k|正常解析
6k-9k·16薪,6.0,9.0,16,96.0,144.0,月薪,预处理|补全前项k|补全后项k|提取k后薪数|正常解析
6k-16k,6.0,16.0,12,72.0,192.0,月薪,预处理|补全前项k|补全后项k|正常解析
6k-20k,6.0,20.0,12,72.0,240.0,月薪,预处理|补全前项k|补全后项k|正常解析
6-8k,6.0,8.0,12,72.0,96.0,月薪,预处理|补全前项k|补全后项k|正常解析
4.5-6k,4.5,6.0,12,54.0,72.0,月薪,预处理|补全前项k|补全后项k|正常解析
9k-13k·15薪,9.0,13.0,15,135.0,195.0,月薪,预处理|补全前项k|补全后项k|提取k后薪数|正常解析
8k-15K·14薪,8.0,15.0,14,112.0,210.0,月薪,预处理|补全前项k|补全后项k|提取k后薪数|正常解析
7-9k,7.0,9.0,12,84.0,108.0,月薪,预处理|补全前项k|补全后项k|正常解析
3-5.50K,3.0,55.0,12,36.0,660.0,月薪,预处理|补全前项k|补全后项k|小数点修正|正常解析
8K-15K,8.0,15.0,12,96.0,180.0,月薪,预处理|补全前项k|补全后项k|正常解析
1.2-16K,1.2,16.0,12,14.4,192.0,月薪,预处理|补全前项k|补全后项k|正常解析
1.2-17K,1.2,17.0,12,14.4,204.0,月薪,预处理|补全前项k|补全后项k|正常解析
1.5-20K·13薪,1.5,20.0,13,19.5,260.0,月薪,预处理|补全前项k|补全后项k|提取k后薪数|正常解析
9k-15K,9.0,15.0,12,108.0,180.0,月薪,预处理|补全前项k|补全后项k|正常解析
3-5k,3.0,5.0,12,36.0,60.0,月薪,预处理|补全前项k|补全后项k|正常解析
0.8-10K,0.8,10.0,12,9.6,120.0,月薪,预处理|补全前项k|补全后项k|正常解析
7.5-10K,7.5,10.0,12,90.0,120.0,月薪,预处理|补全前项k|补全后项k|正常解析
5.5-7.5K,5.5,7.5,12,66.0,90.0,月薪,预处理|补全前项k|补全后项k|正常解析
3.5-4k,3.5,4.0,12,42.0,48.0,月薪,预处理|补全前项k|补全后项k|正常解析
10K-12K,10.0,12.0,12,120.0,144.0,月薪,预处理|补全前项k|补全后项k|正常解析
5-9k,5.0,9.0,12,60.0,108.0,月薪,预处理|补全前项k|补全后项k|正常解析
4.5-8k,4.5,8.0,12,54.0,96.0,月薪,预处理|补全前项k|补全后项k|正常解析
1.5-20K,1.5,20.0,12,18.0,240.0,月薪,预处理|补全前项k|补全后项k|正常解析
1.7-23K,1.7,23.0,12,20.4,276.0,月薪,预处理|补全前项k|补全后项k|正常解析
6k-12K,6.0,12.0,12,72.0,144.0,月薪,预处理|补全前项k|补全后项k|正常解析
1.4-20K·17薪,1.4,20.0,17,23.8,340.0,月薪,预处理|补全前项k|补全后项k|提取k后薪数|正常解析
4-5k,4.0,5.0,12,48.0,60.0,月薪,预处理|补全前项k|补全后项k|正常解析
2.5-4k,2.5,4.0,12,30.0,48.0,月薪,预处理|补全前项k|补全后项k|正常解析
3-4.5k·24薪,3.0,4.5,24,72.0,108.0,月薪,预处理|补全前项k|补全后项k|提取k后薪数|正常解析
5-8k,5.0,8.0,12,60.0,96.0,月薪,预处理|补全前项k|补全后项k|正常解析
8k-16K,8.0,16.0,12,96.0,192.0,月薪,预处理|补全前项k|补全后项k|正常解析
3.8-4.5k,3.8,4.5,12,45.6,54.0,月薪,预处理|补全前项k|补全后项k|正常解析
4-8k,4.0,8.0,12,48.0,96.0,月薪,预处理|补全前项k|补全后项k|正常解析
7-8k,7.0,8.0,12,84.0,96.0,月薪,预处理|补全前项k|补全后项k|正常解析
7-8k·13薪,7.0,8.0,13,91.0,104.0,月薪,预处理|补全前项k|补全后项k|提取k后薪数|正常解析
1-15K,1.0,15.0,12,12.0,180.0,月薪,预处理|补全前项k|补全后项k|正常解析
16K-20K,16.0,20.0,12,192.0,240.0,月薪,预处理|补全前项k|补全后项k|正常解析
5-7k,5.0,7.0,12,60.0,84.0,月薪,预处理|补全前项k|补全后项k|正常解析
3.5-6k,3.5,6.0,12,42.0,72.0,月薪,预处理|补全前项k|补全后项k|正常解析
7k-10K·13薪,7.0,10.0,13,91.0,130.0,月薪,预处理|补全前项k|补全后项k|提取k后薪数|正常解析
1-14K,1.0,14.0,12,12.0,168.0,月薪,预处理|补全前项k|补全后项k|正常解析
3.8-7k,3.8,7.0,12,45.6,84.0,月薪,预处理|补全前项k|补全后项k|正常解析
7k-11k·14薪,7.0,11.0,14,98.0,154.0,月薪,预处理|补全前项k|补全后项k|提取k后薪数|正常解析
8k-10K·13薪,8.0,10.0,13,104.0,130.0,月薪,预处理|补全前项k|补全后项k|提取k后薪数|正常解析
8k-15k元/月,8.0,15.0,12,96.0,180.0,月薪,预处理|处理元/月|补全前项k|补全后项k|正常解析
6k-8k元/月,6.0,8.0,12,72.0,96.0,月薪,预处理|处理元/月|补全前项k|补全后项k|正常解析
7.5-9K,7.5,9.0,12,90.0,108.0,月薪,预处理|补全前项k|补全后项k|正常解析
4.5-5.5K,4.5,5.5,12,54.0,66.0,月薪,预处理|补全前项k|补全后项k|正常解析
6-6.5K,6.0,6.5,12,72.0,78.0,月薪,预处理|补全前项k|补全后项k|正常解析
5.5-10K,5.5,10.0,12,66.0,120.0,月薪,预处理|补全前项k|补全后项k|正常解析
6k-9k元/月,6.0,9.0,12,72.0,108.0,月薪,预处理|处理元/月|补全前项k|补全后项k|正常解析
6k-8500元/月,0.0,8.5,12,0.0,102.0,月薪,预处理|处理元/月|混合型元/月转k|补全前项k|补全后项k|数字转k|正常解析
1-15K·13薪,1.0,15.0,13,13.0,195.0,月薪,预处理|补全前项k|补全后项k|提取k后薪数|正常解析
3.5-5k,3.5,5.0,12,42.0,60.0,月薪,预处理|补全前项k|补全后项k|正常解析
6k-7k元/月,6.0,7.0,12,72.0,84.0,月薪,预处理|处理元/月|补全前项k|补全后项k|正常解析
20k-27k·16薪,20.0,27.0,16,320.0,432.0,月薪,预处理|补全前项k|补全后项k|提取k后薪数|正常解析
14k-20k·14薪,14.0,20.0,14,196.0,280.0,月薪,预处理|补全前项k|补全后项k|提取k后薪数|正常解析
35k-50k·14薪,35.0,50.0,14,490.0,700.0,月薪,预处理|补全前项k|补全后项k|提取k后薪数|正常解析
35k-70k·14薪,35.0,70.0,14,490.0,980.0,月薪,预处理|补全前项k|补全后项k|提取k后薪数|正常解析
28k-35k,28.0,35.0,12,336.0,420.0,月薪,预处理|补全前项k|补全后项k|正常解析
1.3-15K,1.3,15.0,12,15.6,180.0,月薪,预处理|补全前项k|补全后项k|正常解析
3k-10K,3.0,10.0,12,36.0,120.0,月薪,预处理|补全前项k|补全后项k|正常解析
9k-11K,9.0,11.0,12,108.0,132.0,月薪,预处理|补全前项k|补全后项k|正常解析
6-7.5k,6.0,7.5,12,72.0,90.0,月薪,预处理|补全前项k|补全后项k|正常解析
3.5-3.6k,3.5,3.6,12,42.0,43.2,月薪,预处理|补全前项k|补全后项k|正常解析
4-5k·13薪,4.0,5.0,13,52.0,65.0,月薪,预处理|补全前项k|补全后项k|提取k后薪数|正常解析
4-5.5k,4.0,5.5,12,48.0,66.0,月薪,预处理|补全前项k|补全后项k|正常解析
4-6k,4.0,6.0,12,48.0,72.0,月薪,预处理|补全前项k|补全后项k|正常解析
2.6-3.5k,2.6,3.5,12,31.2,42.0,月薪,预处理|补全前项k|补全后项k|正常解析
4.5-5.5k,4.5,5.5,12,54.0,66.0,月薪,预处理|补全前项k|补全后项k|正常解析
1-13K·14薪,1.0,13.0,14,14.0,182.0,月薪,预处理|补全前项k|补全后项k|提取k后薪数|正常解析
7k-9k·16薪,7.0,9.0,16,112.0,144.0,月薪,预处理|补全前项k|补全后项k|提取k后薪数|正常解析
1.5-25K,1.5,25.0,12,18.0,300.0,月薪,预处理|补全前项k|补全后项k|正常解析
5-6k,5.0,6.0,12,60.0,72.0,月薪,预处理|补全前项k|补全后项k|正常解析
3.5-70K,3.5,70.0,12,42.0,840.0,月薪,预处理|补全前项k|补全后项k|正常解析
18-22K·16薪,18.0,22.0,16,288.0,352.0,月薪,预处理|补全前项k|补全后项k|提取k后薪数|正常解析
1-12K,1.0,12.0,12,12.0,144.0,月薪,预处理|补全前项k|补全后项k|正常解析
8-14K,8.0,14.0,12,96.0,168.0,月薪,预处理|补全前项k|补全后项k|正常解析
3-50K·15薪,3.0,50.0,15,45.0,750.0,月薪,预处理|补全前项k|补全后项k|提取k后薪数|正常解析
1.6-25K,1.6,25.0,12,19.2,300.0,月薪,预处理|补全前项k|补全后项k|正常解析
4-8k·13薪,4.0,8.0,13,52.0,104.0,月薪,预处理|补全前项k|补全后项k|提取k后薪数|正常解析
15K-30K,15.0,30.0,12,180.0,360.0,月薪,预处理|补全前项k|补全后项k|正常解析
40k-67k·15薪,40.0,67.0,15,600.0,1005.0,月薪,预处理|补全前项k|补全后项k|提取k后薪数|正常解析
10K-16K,10.0,16.0,12,120.0,192.0,月薪,预处理|补全前项k|补全后项k|正常解析
8k-15K,8.0,15.0,12,96.0,180.0,月薪,预处理|补全前项k|补全后项k|正常解析
12K-20K,12.0,20.0,12,144.0,240.0,月薪,预处理|补全前项k|补全后项k|正常解析
9k-10K,9.0,10.0,12,108.0,120.0,月薪,预处理|补全前项k|补全后项k|正常解析
6-8k·13薪,6.0,8.0,13,78.0,104.0,月薪,预处理|补全前项k|补全后项k|提取k后薪数|正常解析
10K-18K,10.0,18.0,12,120.0,216.0,月薪,预处理|补全前项k|补全后项k|正常解析
8k-11K,8.0,11.0,12,96.0,132.0,月薪,预处理|补全前项k|补全后项k|正常解析
5.5-7K,5.5,7.0,12,66.0,84.0,月薪,预处理|补全前项k|补全后项k|正常解析
4.5-6K,4.5,6.0,12,54.0,72.0,月薪,预处理|补全前项k|补全后项k|正常解析
5.5-6K,5.5,6.0,12,66.0,72.0,月薪,预处理|补全前项k|补全后项k|正常解析
5.5-8k·13薪,5.5,8.0,13,71.5,104.0,月薪,预处理|补全前项k|补全后项k|提取k后薪数|正常解析
6-7k,6.0,7.0,12,72.0,84.0,月薪,预处理|补全前项k|补全后项k|正常解析
6.5-9k,6.5,9.0,12,78.0,108.0,月薪,预处理|补全前项k|补全后项k|正常解析
3-4.5K,3.0,4.5,12,36.0,54.0,月薪,预处理|补全前项k|补全后项k|正常解析
20K-2.10K,20.0,21.0,12,240.0,252.0,月薪,预处理|补全前项k|补全后项k|小数点修正|正常解析
3.5-4.5k,3.5,4.5,12,42.0,54.0,月薪,预处理|补全前项k|补全后项k|正常解析
18k-23k·13薪,18.0,23.0,13,234.0,299.0,月薪,预处理|补全前项k|补全后项k|提取k后薪数|正常解析
9k-13K,9.0,13.0,12,108.0,156.0,月薪,预处理|补全前项k|补全后项k|正常解析
15K-25K,15.0,25.0,12,180.0,300.0,月薪,预处理|补全前项k|补全后项k|正常解析
15K-17K,15.0,17.0,12,180.0,204.0,月薪,预处理|补全前项k|补全后项k|正常解析
7-14K,7.0,14.0,12,84.0,168.0,月薪,预处理|补全前项k|补全后项k|正常解析
10-20K·13薪,10.0,20.0,13,130.0,260.0,月薪,预处理|补全前项k|补全后项k|提取k后薪数|正常解析
13-20K·14薪,13.0,20.0,14,182.0,280.0,月薪,预处理|补全前项k|补全后项k|提取k后薪数|正常解析
2-30K·14薪,2.0,30.0,14,28.0,420.0,月薪,预处理|补全前项k|补全后项k|提取k后薪数|正常解析
1.3-18K,1.3,18.0,12,15.6,216.0,月薪,预处理|补全前项k|补全后项k|正常解析
1.5-18K·13薪,1.5,18.0,13,19.5,234.0,月薪,预处理|补全前项k|补全后项k|提取k后薪数|正常解析
4.5-50K,4.5,50.0,12,54.0,600.0,月薪,预处理|补全前项k|补全后项k|正常解析
2.5-50K·14薪,2.5,50.0,14,35.0,700.0,月薪,预处理|补全前项k|补全后项k|提取k后薪数|正常解析
5.5-7k,5.5,7.0,12,66.0,84.0,月薪,预处理|补全前项k|补全后项k|正常解析
1.8-25K·14薪,1.8,25.0,14,25.2,350.0,月薪,预处理|补全前项k|补全后项k|提取k后薪数|正常解析
1.5-30K,1.5,30.0,12,18.0,360.0,月薪,预处理|补全前项k|补全后项k|正常解析
1.4-20K,1.4,20.0,12,16.8,240.0,月薪,预处理|补全前项k|补全后项k|正常解析
1.8-25K·13薪,1.8,25.0,13,23.4,325.0,月薪,预处理|补全前项k|补全后项k|提取k后薪数|正常解析
1.2-20K,1.2,20.0,12,14.4,240.0,月薪,预处理|补全前项k|补全后项k|正常解析
1.2-15K,1.2,15.0,12,14.4,180.0,月薪,预处理|补全前项k|补全后项k|正常解析
20K-25K·14薪,20.0,25.0,14,280.0,350.0,月薪,预处理|补全前项k|补全后项k|提取k后薪数|正常解析
1-13K·13薪,1.0,13.0,13,13.0,169.0,月薪,预处理|补全前项k|补全后项k|提取k后薪数|正常解析
1-20K,1.0,20.0,12,12.0,240.0,月薪,预处理|补全前项k|补全后项k|正常解析
1-18K·13薪,1.0,18.0,13,13.0,234.0,月薪,预处理|补全前项k|补全后项k|提取k后薪数|正常解析
8.5-15K,8.5,15.0,12,102.0,180.0,月薪,预处理|补全前项k|补全后项k|正常解析
1.8-25K,1.8,25.0,12,21.6,300.0,月薪,预处理|补全前项k|补全后项k|正常解析
7k-1k0元/月,0.0,0.0,12,0.0,0.0,月薪,预处理|处理元/月|元/月单值转k|补全前项k|补全后项k|单值解析
3-4.5k,3.0,4.5,12,36.0,54.0,月薪,预处理|补全前项k|补全后项k|正常解析
7-8K·15薪,7.0,8.0,15,105.0,120.0,月薪,预处理|补全前项k|补全后项k|提取k后薪数|正常解析
3.5-5K,3.5,5.0,12,42.0,60.0,月薪,预处理|补全前项k|补全后项k|正常解析
3.6-5K,3.6,5.0,12,43.2,60.0,月薪,预处理|补全前项k|补全后项k|正常解析
5-5.5K,5.0,5.5,12,60.0,66.0,月薪,预处理|补全前项k|补全后项k|正常解析
4-5.5K,4.0,5.5,12,48.0,66.0,月薪,预处理|补全前项k|补全后项k|正常解析
5.3-6.5K,5.3,6.5,12,63.6,78.0,月薪,预处理|补全前项k|补全后项k|正常解析
4-4.5K,4.0,4.5,12,48.0,54.0,月薪,预处理|补全前项k|补全后项k|正常解析
5-7k·14薪,5.0,7.0,14,70.0,98.0,月薪,预处理|补全前项k|补全后项k|提取k后薪数|正常解析
6k-10K·13薪,6.0,10.0,13,78.0,130.0,月薪,预处理|补全前项k|补全后项k|提取k后薪数|正常解析
7.5-9K·13薪,7.5,9.0,13,97.5,117.0,月薪,预处理|补全前项k|补全后项k|提取k后薪数|正常解析
7-8.5K,7.0,8.5,12,84.0,102.0,月薪,预处理|补全前项k|补全后项k|正常解析
8k-14K,8.0,14.0,12,96.0,168.0,月薪,预处理|补全前项k|补全后项k|正常解析
6.5-8.5k,6.5,8.5,12,78.0,102.0,月薪,预处理|补全前项k|补全后项k|正常解析
1.5-18K·15薪,1.5,18.0,15,22.5,270.0,月薪,预处理|补全前项k|补全后项k|提取k后薪数|正常解析
6.7-8.3k·13薪,6.7,8.3,13,87.1,107.9,月薪,预处理|补全前项k|补全后项k|提取k后薪数|正常解析
8k-15K·13薪,8.0,15.0,13,104.0,195.0,月薪,预处理|补全前项k|补全后项k|提取k后薪数|正常解析
12K-24K,12.0,24.0,12,144.0,288.0,月薪,预处理|补全前项k|补全后项k|正常解析
4.5-5K,4.5,5.0,12,54.0,60.0,月薪,预处理|补全前项k|补全后项k|正常解析
5-6.5K,5.0,6.5,12,60.0,78.0,月薪,预处理|补全前项k|补全后项k|正常解析
4.2-4.5K,4.2,4.5,12,50.4,54.0,月薪,预处理|补全前项k|补全后项k|正常解析
3-4K·13薪,3.0,4.0,13,39.0,52.0,月薪,预处理|补全前项k|补全后项k|提取k后薪数|正常解析
6-8K·15薪,6.0,8.0,15,90.0,120.0,月薪,预处理|补全前项k|补全后项k|提取k后薪数|正常解析
6-8k·14薪,6.0,8.0,14,84.0,112.0,月薪,预处理|补全前项k|补全后项k|提取k后薪数|正常解析
5.5-6.5k,5.5,6.5,12,66.0,78.0,月薪,预处理|补全前项k|补全后项k|正常解析
4.5-7k,4.5,7.0,12,54.0,84.0,月薪,预处理|补全前项k|补全后项k|正常解析
4-7k,4.0,7.0,12,48.0,84.0,月薪,预处理|补全前项k|补全后项k|正常解析
6k-10K·14薪,6.0,10.0,14,84.0,140.0,月薪,预处理|补全前项k|补全后项k|提取k后薪数|正常解析
20k-37k·15薪,20.0,37.0,15,300.0,555.0,月薪,预处理|补全前项k|补全后项k|提取k后薪数|正常解析
5-8k·13薪,5.0,8.0,13,65.0,104.0,月薪,预处理|补全前项k|补全后项k|提取k后薪数|正常解析
6-9k,6.0,9.0,12,72.0,108.0,月薪,预处理|补全前项k|补全后项k|正常解析
1.8-3.50K,1.8,35.0,12,21.6,420.0,月薪,预处理|补全前项k|补全后项k|小数点修正|正常解析
70k-90k·13薪,70.0,90.0,13,910.0,1170.0,月薪,预处理|补全前项k|补全后项k|提取k后薪数|正常解析
40k-55k·13薪,40.0,55.0,13,520.0,715.0,月薪,预处理|补全前项k|补全后项k|提取k后薪数|正常解析
2.5-30K,2.5,30.0,12,30.0,360.0,月薪,预处理|补全前项k|补全后项k|正常解析
2-40K,2.0,40.0,12,24.0,480.0,月薪,预处理|补全前项k|补全后项k|正常解析
2.5-40K,2.5,40.0,12,30.0,480.0,月薪,预处理|补全前项k|补全后项k|正常解析
1.2-24K,1.2,24.0,12,14.4,288.0,月薪,预处理|补全前项k|补全后项k|正常解析
1-18K,1.0,18.0,12,12.0,216.0,月薪,预处理|补全前项k|补全后项k|正常解析
3-50K,3.0,50.0,12,36.0,600.0,月薪,预处理|补全前项k|补全后项k|正常解析
1-20K·14薪,1.0,20.0,14,14.0,280.0,月薪,预处理|补全前项k|补全后项k|提取k后薪数|正常解析
9k-11K·13薪,9.0,11.0,13,117.0,143.0,月薪,预处理|补全前项k|补全后项k|提取k后薪数|正常解析
18-30k,18.0,30.0,12,216.0,360.0,月薪,预处理|补全前项k|补全后项k|正常解析
4-4.5K·13薪,4.0,4.5,13,52.0,58.5,月薪,预处理|补全前项k|补全后项k|提取k后薪数|正常解析
5.5-6.5K,5.5,6.5,12,66.0,78.0,月薪,预处理|补全前项k|补全后项k|正常解析
7k-12K·14薪,7.0,12.0,14,98.0,168.0,月薪,预处理|补全前项k|补全后项k|提取k后薪数|正常解析
5-6k·14薪,5.0,6.0,14,70.0,84.0,月薪,预处理|补全前项k|补全后项k|提取k后薪数|正常解析
5-9k·15薪,5.0,9.0,15,75.0,135.0,月薪,预处理|补全前项k|补全后项k|提取k后薪数|正常解析
3.5-4.2K,3.5,4.2,12,42.0,50.4,月薪,预处理|补全前项k|补全后项k|正常解析
10K-13K,10.0,13.0,12,120.0,156.0,月薪,预处理|补全前项k|补全后项k|正常解析
4.5-7K·14薪,4.5,7.0,14,63.0,98.0,月薪,预处理|补全前项k|补全后项k|提取k后薪数|正常解析
7-13K·13薪,7.0,13.0,13,91.0,169.0,月薪,预处理|补全前项k|补全后项k|提取k后薪数|正常解析
6.5-8K,6.5,8.0,12,78.0,96.0,月薪,预处理|补全前项k|补全后项k|正常解析
5.5-6.5K·13薪,5.5,6.5,13,71.5,84.5,月薪,预处理|补全前项k|补全后项k|提取k后薪数|正常解析
8k-10K·14薪,8.0,10.0,14,112.0,140.0,月薪,预处理|补全前项k|补全后项k|提取k后薪数|正常解析
5-7k·13薪,5.0,7.0,13,65.0,91.0,月薪,预处理|补全前项k|补全后项k|提取k后薪数|正常解析
6-12K·13薪,6.0,12.0,13,78.0,156.0,月薪,预处理|补全前项k|补全后项k|提取k后薪数|正常解析
3-4k,3.0,4.0,12,36.0,48.0,月薪,预处理|补全前项k|补全后项k|正常解析
5.5-7.8k,5.5,7.8,12,66.0,93.6,月薪,预处理|补全前项k|补全后项k|正常解析
2-5K·13薪,2.0,5.0,13,26.0,65.0,月薪,预处理|补全前项k|补全后项k|提取k后薪数|正常解析
4-5K·14薪,4.0,5.0,14,56.0,70.0,月薪,预处理|补全前项k|补全后项k|提取k后薪数|正常解析
4-6k·13薪,4.0,6.0,13,52.0,78.0,月薪,预处理|补全前项k|补全后项k|提取k后薪数|正常解析
4.5-5k,4.5,5.0,12,54.0,60.0,月薪,预处理|补全前项k|补全后项k|正常解析
5.5-6.5k·14薪,5.5,6.5,14,77.0,91.0,月薪,预处理|补全前项k|补全后项k|提取k后薪数|正常解析
5.5-7k·13薪,5.5,7.0,13,71.5,91.0,月薪,预处理|补全前项k|补全后项k|提取k后薪数|正常解析
4.5-6.5K,4.5,6.5,12,54.0,78.0,月薪,预处理|补全前项k|补全后项k|正常解析
3.5-4.5K·13薪,3.5,4.5,13,45.5,58.5,月薪,预处理|补全前项k|补全后项k|提取k后薪数|正常解析
3.9-5.6k,3.9,5.6,12,46.8,67.2,月薪,预处理|补全前项k|补全后项k|正常解析
3.5-3.5k,3.5,3.5,12,42.0,42.0,月薪,预处理|补全前项k|补全后项k|正常解析
4.5-6K·13薪,4.5,6.0,13,58.5,78.0,月薪,预处理|补全前项k|补全后项k|提取k后薪数|正常解析
1.3-13K,1.3,13.0,12,15.6,156.0,月薪,预处理|补全前项k|补全后项k|正常解析
5-5.5k,5.0,5.5,12,60.0,66.0,月薪,预处理|补全前项k|补全后项k|正常解析
25K-50K,25.0,50.0,12,300.0,600.0,月薪,预处理|补全前项k|补全后项k|正常解析
9k-18K,9.0,18.0,12,108.0,216.0,月薪,预处理|补全前项k|补全后项k|正常解析
11K-2.20K,11.0,22.0,12,132.0,264.0,月薪,预处理|补全前项k|补全后项k|小数点修正|正常解析
3-40K,3.0,40.0,12,36.0,480.0,月薪,预处理|补全前项k|补全后项k|正常解析
1.2-18K·14薪,1.2,18.0,14,16.8,252.0,月薪,预处理|补全前项k|补全后项k|提取k后薪数|正常解析
6.5-7.3K,6.5,7.3,12,78.0,87.6,月薪,预处理|补全前项k|补全后项k|正常解析
12k-24k·16薪,12.0,24.0,16,192.0,384.0,月薪,预处理|补全前项k|补全后项k|提取k后薪数|正常解析
50k-80k·14薪,50.0,80.0,14,700.0,1120.0,月薪,预处理|补全前项k|补全后项k|提取k后薪数|正常解析
8-15K·13薪,8.0,15.0,13,104.0,195.0,月薪,预处理|补全前项k|补全后项k|提取k后薪数|正常解析
6k-12K·13薪,6.0,12.0,13,78.0,156.0,月薪,预处理|补全前项k|补全后项k|提取k后薪数|正常解析
4-4.2k,4.0,4.2,12,48.0,50.4,月薪,预处理|补全前项k|补全后项k|正常解析
1.5-30K·14薪,1.5,30.0,14,21.0,420.0,月薪,预处理|补全前项k|补全后项k|提取k后薪数|正常解析
14K-25K,14.0,25.0,12,168.0,300.0,月薪,预处理|补全前项k|补全后项k|正常解析
1.8-30K,1.8,30.0,12,21.6,360.0,月薪,预处理|补全前项k|补全后项k|正常解析
3.5-7K,3.5,7.0,12,42.0,84.0,月薪,预处理|补全前项k|补全后项k|正常解析
7-8K·14薪,7.0,8.0,14,98.0,112.0,月薪,预处理|补全前项k|补全后项k|提取k后薪数|正常解析
16k-17k,16.0,17.0,12,192.0,204.0,月薪,预处理|补全前项k|补全后项k|正常解析
6-7.5K·13薪,6.0,7.5,13,78.0,97.5,月薪,预处理|补全前项k|补全后项k|提取k后薪数|正常解析
5.5-7K·13薪,5.5,7.0,13,71.5,91.0,月薪,预处理|补全前项k|补全后项k|提取k后薪数|正常解析
5.5-7K·14薪,5.5,7.0,14,77.0,98.0,月薪,预处理|补全前项k|补全后项k|提取k后薪数|正常解析
3.5-5.5K·13薪,3.5,5.5,13,45.5,71.5,月薪,预处理|补全前项k|补全后项k|提取k后薪数|正常解析
4.2-6K,4.2,6.0,12,50.4,72.0,月薪,预处理|补全前项k|补全后项k|正常解析
3.5-6K·13薪,3.5,6.0,13,45.5,78.0,月薪,预处理|补全前项k|补全后项k|提取k后薪数|正常解析
4.8-6K,4.8,6.0,12,57.6,72.0,月薪,预处理|补全前项k|补全后项k|正常解析
3.5-6k·13薪,3.5,6.0,13,45.5,78.0,月薪,预处理|补全前项k|补全后项k|提取k后薪数|正常解析
6.5-8k,6.5,8.0,12,78.0,96.0,月薪,预处理|补全前项k|补全后项k|正常解析
4.5-4.5k,4.5,4.5,12,54.0,54.0,月薪,预处理|补全前项k|补全后项k|正常解析
5.5-6.5k·16薪,5.5,6.5,16,88.0,104.0,月薪,预处理|补全前项k|补全后项k|提取k后薪数|正常解析
4-4.5k,4.0,4.5,12,48.0,54.0,月薪,预处理|补全前项k|补全后项k|正常解析
6-7k·14薪,6.0,7.0,14,84.0,98.0,月薪,预处理|补全前项k|补全后项k|提取k后薪数|正常解析
5.5-7.5k·13薪,5.5,7.5,13,71.5,97.5,月薪,预处理|补全前项k|补全后项k|提取k后薪数|正常解析
7-9k·13薪,7.0,9.0,13,91.0,117.0,月薪,预处理|补全前项k|补全后项k|提取k后薪数|正常解析
3.5-4.2k,3.5,4.2,12,42.0,50.4,月薪,预处理|补全前项k|补全后项k|正常解析
6-9k·13薪,6.0,9.0,13,78.0,117.0,月薪,预处理|补全前项k|补全后项k|提取k后薪数|正常解析
7-7.5k,7.0,7.5,12,84.0,90.0,月薪,预处理|补全前项k|补全后项k|正常解析
6.5-7k,6.5,7.0,12,78.0,84.0,月薪,预处理|补全前项k|补全后项k|正常解析
6.5-8.5k·13薪,6.5,8.5,13,84.5,110.5,月薪,预处理|补全前项k|补全后项k|提取k后薪数|正常解析
6-6.5k,6.0,6.5,12,72.0,78.0,月薪,预处理|补全前项k|补全后项k|正常解析
1-13K,1.0,13.0,12,12.0,156.0,月薪,预处理|补全前项k|补全后项k|正常解析
3.5-4.5K,3.5,4.5,12,42.0,54.0,月薪,预处理|补全前项k|补全后项k|正常解析
3.5-6K,3.5,6.0,12,42.0,72.0,月薪,预处理|补全前项k|补全后项k|正常解析
5-6k·13薪,5.0,6.0,13,65.0,78.0,月薪,预处理|补全前项k|补全后项k|提取k后薪数|正常解析
7k-14K,7.0,14.0,12,84.0,168.0,月薪,预处理|补全前项k|补全后项k|正常解析
3.8-4.5K,3.8,4.5,12,45.6,54.0,月薪,预处理|补全前项k|补全后项k|正常解析
3-3.5K,3.0,3.5,12,36.0,42.0,月薪,预处理|补全前项k|补全后项k|正常解析
1.2-18K,1.2,18.0,12,14.4,216.0,月薪,预处理|补全前项k|补全后项k|正常解析
3.8-4.2K·13薪,3.8,4.2,13,49.4,54.6,月薪,预处理|补全前项k|补全后项k|提取k后薪数|正常解析
2.5-5K,2.5,5.0,12,30.0,60.0,月薪,预处理|补全前项k|补全后项k|正常解析
4.5-8K,4.5,8.0,12,54.0,96.0,月薪,预处理|补全前项k|补全后项k|正常解析
3k及以下,0.0,3.0,12,0.0,36.0,上限型,预处理|及以下转0-max
3.5-5.5k,3.5,5.5,12,42.0,66.0,月薪,预处理|补全前项k|补全后项k|正常解析
5.5-5.5k,5.5,5.5,12,66.0,66.0,月薪,预处理|补全前项k|补全后项k|正常解析
3.3-4.5k,3.3,4.5,12,39.6,54.0,月薪,预处理|补全前项k|补全后项k|正常解析
3.5-4K,3.5,4.0,12,42.0,48.0,月薪,预处理|补全前项k|补全后项k|正常解析
5k-6k·15薪,5.0,6.0,15,75.0,90.0,月薪,预处理|补全前项k|补全后项k|提取k后薪数|正常解析
2.5-5k,2.5,5.0,12,30.0,60.0,月薪,预处理|补全前项k|补全后项k|正常解析
11K-14K,11.0,14.0,12,132.0,168.0,月薪,预处理|补全前项k|补全后项k|正常解析
16K-3.20K,16.0,32.0,12,192.0,384.0,月薪,预处理|补全前项k|补全后项k|小数点修正|正常解析
2.20K-4.10K,22.0,41.0,12,264.0,492.0,月薪,预处理|补全前项k|补全后项k|小数点修正|小数点修正|正常解析
24K-4.10K,24.0,41.0,12,288.0,492.0,月薪,预处理|补全前项k|补全后项k|小数点修正|正常解析
13K-2.20K,13.0,22.0,12,156.0,264.0,月薪,预处理|补全前项k|补全后项k|小数点修正|正常解析
8-9k,8.0,9.0,12,96.0,108.0,月薪,预处理|补全前项k|补全后项k|正常解析
3.8-4K,3.8,4.0,12,45.6,48.0,月薪,预处理|补全前项k|补全后项k|正常解析
4.5-5.5K·13薪,4.5,5.5,13,58.5,71.5,月薪,预处理|补全前项k|补全后项k|提取k后薪数|正常解析
8k-12k元/月,8.0,12.0,12,96.0,144.0,月薪,预处理|处理元/月|补全前项k|补全后项k|正常解析
90-100元/天,2.7,3.0,12,32.4,36.0,日薪换算,预处理|元/天转月薪|构造标准文本|补全前项k|补全后项k|正常解析
2-3K·13薪,2.0,3.0,13,26.0,39.0,月薪,预处理|补全前项k|补全后项k|提取k后薪数|正常解析
6-8K·16薪,6.0,8.0,16,96.0,128.0,月薪,预处理|补全前项k|补全后项k|提取k后薪数|正常解析
11-21K,11.0,21.0,12,132.0,252.0,月薪,预处理|补全前项k|补全后项k|正常解析
12-15K·13薪,12.0,15.0,13,156.0,195.0,月薪,预处理|补全前项k|补全后项k|提取k后薪数|正常解析
1.3-18K·13薪,1.3,18.0,13,16.9,234.0,月薪,预处理|补全前项k|补全后项k|提取k后薪数|正常解析
8.3k-13K,8.3,13.0,12,99.6,156.0,月薪,预处理|补全前项k|补全后项k|正常解析
8k-9k·13薪,8.0,9.0,13,104.0,117.0,月薪,预处理|补全前项k|补全后项k|提取k后薪数|正常解析
1-20K·13薪,1.0,20.0,13,13.0,260.0,月薪,预处理|补全前项k|补全后项k|提取k后薪数|正常解析
12k-23k·18薪,12.0,23.0,18,216.0,414.0,月薪,预处理|补全前项k|补全后项k|提取k后薪数|正常解析
1k-2k·14薪,1.0,2.0,14,14.0,28.0,月薪,预处理|补全前项k|补全后项k|提取k后薪数|正常解析
15k-28k·14薪,15.0,28.0,14,210.0,392.0,月薪,预处理|补全前项k|补全后项k|提取k后薪数|正常解析
2-25K,2.0,25.0,12,24.0,300.0,月薪,预处理|补全前项k|补全后项k|正常解析
2.8-3.5K,2.8,3.5,12,33.6,42.0,月薪,预处理|补全前项k|补全后项k|正常解析
2-3k,2.0,3.0,12,24.0,36.0,月薪,预处理|补全前项k|补全后项k|正常解析
2.5-3K,2.5,3.0,12,30.0,36.0,月薪,预处理|补全前项k|补全后项k|正常解析
4.9-7.9K,4.9,7.9,12,58.8,94.8,月薪,预处理|补全前项k|补全后项k|正常解析
8-9K·14薪,8.0,9.0,14,112.0,126.0,月薪,预处理|补全前项k|补全后项k|提取k后薪数|正常解析
1-5K,1.0,5.0,12,12.0,60.0,月薪,预处理|补全前项k|补全后项k|正常解析
7k-13K·13薪,7.0,13.0,13,91.0,169.0,月薪,预处理|补全前项k|补全后项k|提取k后薪数|正常解析
20k-26k·13薪,20.0,26.0,13,260.0,338.0,月薪,预处理|补全前项k|补全后项k|提取k后薪数|正常解析
8-13K·24薪,8.0,13.0,24,192.0,312.0,月薪,预处理|补全前项k|补全后项k|提取k后薪数|正常解析
14-28K·13薪,14.0,28.0,13,182.0,364.0,月薪,预处理|补全前项k|补全后项k|提取k后薪数|正常解析
18K-25K,18.0,25.0,12,216.0,300.0,月薪,预处理|补全前项k|补全后项k|正常解析
5-7.5K,5.0,7.5,12,60.0,90.0,月薪,预处理|补全前项k|补全后项k|正常解析
4.2-5.5K,4.2,5.5,12,50.4,66.0,月薪,预处理|补全前项k|补全后项k|正常解析
1.6-28K·15薪,1.6,28.0,15,24.0,420.0,月薪,预处理|补全前项k|补全后项k|提取k后薪数|正常解析
4-6.5K,4.0,6.5,12,48.0,78.0,月薪,预处理|补全前项k|补全后项k|正常解析
3-6k,3.0,6.0,12,36.0,72.0,月薪,预处理|补全前项k|补全后项k|正常解析
4.1-5k,4.1,5.0,12,49.2,60.0,月薪,预处理|补全前项k|补全后项k|正常解析
6.5k-10K·13薪,6.5,10.0,13,84.5,130.0,月薪,预处理|补全前项k|补全后项k|提取k后薪数|正常解析
5-5.2K·13薪,5.0,5.2,13,65.0,67.6,月薪,预处理|补全前项k|补全后项k|提取k后薪数|正常解析
4.5-5.5k·13薪,4.5,5.5,13,58.5,71.5,月薪,预处理|补全前项k|补全后项k|提取k后薪数|正常解析
8k-16K·14薪,8.0,16.0,14,112.0,224.0,月薪,预处理|补全前项k|补全后项k|提取k后薪数|正常解析
4.5-5.2K,4.5,5.2,12,54.0,62.4,月薪,预处理|补全前项k|补全后项k|正常解析
5-5.8k,5.0,5.8,12,60.0,69.6,月薪,预处理|补全前项k|补全后项k|正常解析
6500-8k元/月,6.5,8.0,12,78.0,96.0,月薪,预处理|处理元/月|混合型元/月转k|补全前项k|补全后项k|正常解析
8k-9k·15薪,8.0,9.0,15,120.0,135.0,月薪,预处理|补全前项k|补全后项k|提取k后薪数|正常解析
3.7-5.3k,3.7,5.3,12,44.4,63.6,月薪,预处理|补全前项k|补全后项k|正常解析
1.2-18K·13薪,1.2,18.0,13,15.6,234.0,月薪,预处理|补全前项k|补全后项k|提取k后薪数|正常解析
6-6.8k·13薪,6.0,6.8,13,78.0,88.4,月薪,预处理|补全前项k|补全后项k|提取k后薪数|正常解析
6-7k·13薪,6.0,7.0,13,78.0,91.0,月薪,预处理|补全前项k|补全后项k|提取k后薪数|正常解析
6-9k·14薪,6.0,9.0,14,84.0,126.0,月薪,预处理|补全前项k|补全后项k|提取k后薪数|正常解析
5500-6500元/月,5.5,6.5,12,66.0,78.0,月薪,预处理|处理元/月|元/月范围转k|补全前项k|补全后项k|正常解析
5-10K·15薪,5.0,10.0,15,75.0,150.0,月薪,预处理|补全前项k|补全后项k|提取k后薪数|正常解析
2-30K,2.0,30.0,12,24.0,360.0,月薪,预处理|补全前项k|补全后项k|正常解析
5k-7k·15薪,5.0,7.0,15,75.0,105.0,月薪,预处理|补全前项k|补全后项k|提取k后薪数|正常解析
8-9K·13薪,8.0,9.0,13,104.0,117.0,月薪,预处理|补全前项k|补全后项k|提取k后薪数|正常解析
6.8-8K,6.8,8.0,12,81.6,96.0,月薪,预处理|补全前项k|补全后项k|正常解析
8.5-9.5k,8.5,9.5,12,102.0,114.0,月薪,预处理|补全前项k|补全后项k|正常解析
6.3-7.8k,6.3,7.8,12,75.6,93.6,月薪,预处理|补全前项k|补全后项k|正常解析
20k-50k,20.0,50.0,12,240.0,600.0,月薪,预处理|补全前项k|补全后项k|正常解析
26k-45k,26.0,45.0,12,312.0,540.0,月薪,预处理|补全前项k|补全后项k|正常解析
薪资面议,,,12,,,未解析,最终无匹配|薪资面议
250-350元/天,7.5,10.5,12,90.0,126.0,日薪换算,预处理|元/天转月薪|构造标准文本|补全前项k|补全后项k|正常解析
10k-30k,10.0,30.0,12,120.0,360.0,月薪,预处理|补全前项k|补全后项k|正常解析
10k-40k,10.0,40.0,12,120.0,480.0,月薪,预处理|补全前项k|补全后项k|正常解析
200-400元/天,6.0,12.0,12,72.0,144.0,日薪换算,预处理|元/天转月薪|构造标准文本|补全前项k|补全后项k|正常解析
800-1000元/天,24.0,30.0,12,288.0,360.0,日薪换算,预处理|元/天转月薪|构造标准文本|补全前项k|补全后项k|正常解析
250-300元/天,7.5,9.0,12,90.0,108.0,日薪换算,预处理|元/天转月薪|构造标准文本|补全前项k|补全后项k|正常解析
400-500元/天,12.0,15.0,12,144.0,180.0,日薪换算,预处理|元/天转月薪|构造标准文本|补全前项k|补全后项k|正常解析
120-140元/天,3.6,4.2,12,43.2,50.4,日薪换算,预处理|元/天转月薪|构造标准文本|补全前项k|补全后项k|正常解析
15k-35k,15.0,35.0,12,180.0,420.0,月薪,预处理|补全前项k|补全后项k|正常解析
350-450元/天,10.5,13.5,12,126.0,162.0,日薪换算,预处理|元/天转月薪|构造标准文本|补全前项k|补全后项k|正常解析
12k-50k,12.0,50.0,12,144.0,600.0,月薪,预处理|补全前项k|补全后项k|正常解析
310-1000元/天,9.3,30.0,12,111.6,360.0,日薪换算,预处理|元/天转月薪|构造标准文本|补全前项k|补全后项k|正常解析
15k-40k,15.0,40.0,12,180.0,480.0,月薪,预处理|补全前项k|补全后项k|正常解析
25k-80k,25.0,80.0,12,300.0,960.0,月薪,预处理|补全前项k|补全后项k|正常解析
400-450元/天,12.0,13.5,12,144.0,162.0,日薪换算,预处理|元/天转月薪|构造标准文本|补全前项k|补全后项k|正常解析
300-350元/天,9.0,10.5,12,108.0,126.0,日薪换算,预处理|元/天转月薪|构造标准文本|补全前项k|补全后项k|正常解析
500-1000元/天,15.0,30.0,12,180.0,360.0,日薪换算,预处理|元/天转月薪|构造标准文本|补全前项k|补全后项k|正常解析
300-400元/天,9.0,12.0,12,108.0,144.0,日薪换算,预处理|元/天转月薪|构造标准文本|补全前项k|补全后项k|正常解析
400-880元/天,12.0,26.4,12,144.0,316.8,日薪换算,预处理|元/天转月薪|构造标准文本|补全前项k|补全后项k|正常解析
120-280元/天,3.6,8.4,12,43.2,100.8,日薪换算,预处理|元/天转月薪|构造标准文本|补全前项k|补全后项k|正常解析
200-600元/天,6.0,18.0,12,72.0,216.0,日薪换算,预处理|元/天转月薪|构造标准文本|补全前项k|补全后项k|正常解析
980-1000元/天,29.4,30.0,12,352.8,360.0,日薪换算,预处理|元/天转月薪|构造标准文本|补全前项k|补全后项k|正常解析
350-980元/天,10.5,29.4,12,126.0,352.8,日薪换算,预处理|元/天转月薪|构造标准文本|补全前项k|补全后项k|正常解析
560-630元/天,16.8,18.9,12,201.6,226.8,日薪换算,预处理|元/天转月薪|构造标准文本|补全前项k|补全后项k|正常解析
960-980元/天,28.8,29.4,12,345.6,352.8,日薪换算,预处理|元/天转月薪|构造标准文本|补全前项k|补全后项k|正常解析
500-790元/天,15.0,23.7,12,180.0,284.4,日薪换算,预处理|元/天转月薪|构造标准文本|补全前项k|补全后项k|正常解析
20k-60k,20.0,60.0,12,240.0,720.0,月薪,预处理|补全前项k|补全后项k|正常解析
300-500元/天,9.0,15.0,12,108.0,180.0,日薪换算,预处理|元/天转月薪|构造标准文本|补全前项k|补全后项k|正常解析
440-510元/天,13.2,15.3,12,158.4,183.6,日薪换算,预处理|元/天转月薪|构造标准文本|补全前项k|补全后项k|正常解析
26k-60k,26.0,60.0,12,312.0,720.0,月薪,预处理|补全前项k|补全后项k|正常解析
120-240元/天,3.6,7.2,12,43.2,86.4,日薪换算,预处理|元/天转月薪|构造标准文本|补全前项k|补全后项k|正常解析
6k-15k,6.0,15.0,12,72.0,180.0,月薪,预处理|补全前项k|补全后项k|正常解析
90-180元/天,2.7,5.4,12,32.4,64.8,日薪换算,预处理|元/天转月薪|构造标准文本|补全前项k|补全后项k|正常解析
150-350元/天,4.5,10.5,12,54.0,126.0,日薪换算,预处理|元/天转月薪|构造标准文本|补全前项k|补全后项k|正常解析
150-400元/天,4.5,12.0,12,54.0,144.0,日薪换算,预处理|元/天转月薪|构造标准文本|补全前项k|补全后项k|正常解析
500-550元/天,15.0,16.5,12,180.0,198.0,日薪换算,预处理|元/天转月薪|构造标准文本|补全前项k|补全后项k|正常解析
230-400元/天,6.9,12.0,12,82.8,144.0,日薪换算,预处理|元/天转月薪|构造标准文本|补全前项k|补全后项k|正常解析
250-400元/天,7.5,12.0,12,90.0,144.0,日薪换算,预处理|元/天转月薪|构造标准文本|补全前项k|补全后项k|正常解析
14k-24k,14.0,24.0,12,168.0,288.0,月薪,预处理|补全前项k|补全后项k|正常解析
7k-18k,7.0,18.0,12,84.0,216.0,月薪,预处理|补全前项k|补全后项k|正常解析
15k-45k,15.0,45.0,12,180.0,540.0,月薪,预处理|补全前项k|补全后项k|正常解析
13k-30k,13.0,30.0,12,156.0,360.0,月薪,预处理|补全前项k|补全后项k|正常解析
17k-33k,17.0,33.0,12,204.0,396.0,月薪,预处理|补全前项k|补全后项k|正常解析
12k-30k,12.0,30.0,12,144.0,360.0,月薪,预处理|补全前项k|补全后项k|正常解析
12k-35k,12.0,35.0,12,144.0,420.0,月薪,预处理|补全前项k|补全后项k|正常解析
21k-29k,21.0,29.0,12,252.0,348.0,月薪,预处理|补全前项k|补全后项k|正常解析
21k-39k,21.0,39.0,12,252.0,468.0,月薪,预处理|补全前项k|补全后项k|正常解析
45k-60k,45.0,60.0,12,540.0,720.0,月薪,预处理|补全前项k|补全后项k|正常解析
230-240元/天,6.9,7.2,12,82.8,86.4,日薪换算,预处理|元/天转月薪|构造标准文本|补全前项k|补全后项k|正常解析
10k-25k,10.0,25.0,12,120.0,300.0,月薪,预处理|补全前项k|补全后项k|正常解析
3k-8k,3.0,8.0,12,36.0,96.0,月薪,预处理|补全前项k|补全后项k|正常解析
30k-37k,30.0,37.0,12,360.0,444.0,月薪,预处理|补全前项k|补全后项k|正常解析
14k-21k,14.0,21.0,12,168.0,252.0,月薪,预处理|补全前项k|补全后项k|正常解析
10-1000元/天,0.3,30.0,12,3.6,360.0,日薪换算,预处理|元/天转月薪|构造标准文本|补全前项k|补全后项k|正常解析
180-200元/天,5.4,6.0,12,64.8,72.0,日薪换算,预处理|元/天转月薪|构造标准文本|补全前项k|补全后项k|正常解析
200-230元/天,6.0,6.9,12,72.0,82.8,日薪换算,预处理|元/天转月薪|构造标准文本|补全前项k|补全后项k|正常解析
190-200元/天,5.7,6.0,12,68.4,72.0,日薪换算,预处理|元/天转月薪|构造标准文本|补全前项k|补全后项k|正常解析
100-300元/天,3.0,9.0,12,36.0,108.0,日薪换算,预处理|元/天转月薪|构造标准文本|补全前项k|补全后项k|正常解析
150-180元/天,4.5,5.4,12,54.0,64.8,日薪换算,预处理|元/天转月薪|构造标准文本|补全前项k|补全后项k|正常解析
830-1370元/天,24.9,41.1,12,298.8,493.2,日薪换算,预处理|元/天转月薪|构造标准文本|补全前项k|补全后项k|正常解析
12k-40k,12.0,40.0,12,144.0,480.0,月薪,预处理|补全前项k|补全后项k|正常解析
300-300元/天,9.0,9.0,12,108.0,108.0,日薪换算,预处理|元/天转月薪|构造标准文本|补全前项k|补全后项k|正常解析
15k-17k,15.0,17.0,12,180.0,204.0,月薪,预处理|补全前项k|补全后项k|正常解析
30k-70k,30.0,70.0,12,360.0,840.0,月薪,预处理|补全前项k|补全后项k|正常解析
21k-22k,21.0,22.0,12,252.0,264.0,月薪,预处理|补全前项k|补全后项k|正常解析
19k-23k,19.0,23.0,12,228.0,276.0,月薪,预处理|补全前项k|补全后项k|正常解析
20k-45k,20.0,45.0,12,240.0,540.0,月薪,预处理|补全前项k|补全后项k|正常解析
490-510元/天,14.7,15.3,12,176.4,183.6,日薪换算,预处理|元/天转月薪|构造标准文本|补全前项k|补全后项k|正常解析
18k-40k,18.0,40.0,12,216.0,480.0,月薪,预处理|补全前项k|补全后项k|正常解析
16k-35k,16.0,35.0,12,192.0,420.0,月薪,预处理|补全前项k|补全后项k|正常解析
5k-13k,5.0,13.0,12,60.0,156.0,月薪,预处理|补全前项k|补全后项k|正常解析
35k-160k,35.0,160.0,12,420.0,1920.0,月薪,预处理|补全前项k|补全后项k|正常解析
290-300元/天,8.7,9.0,12,104.4,108.0,日薪换算,预处理|元/天转月薪|构造标准文本|补全前项k|补全后项k|正常解析
40k-95k,40.0,95.0,12,480.0,1140.0,月薪,预处理|补全前项k|补全后项k|正常解析
24k-50k,24.0,50.0,12,288.0,600.0,月薪,预处理|补全前项k|补全后项k|正常解析
26k-50k,26.0,50.0,12,312.0,600.0,月薪,预处理|补全前项k|补全后项k|正常解析
10k-35k,10.0,35.0,12,120.0,420.0,月薪,预处理|补全前项k|补全后项k|正常解析
180-190元/天,5.4,5.7,12,64.8,68.4,日薪换算,预处理|元/天转月薪|构造标准文本|补全前项k|补全后项k|正常解析
80-160元/天,2.4,4.8,12,28.8,57.6,日薪换算,预处理|元/天转月薪|构造标准文本|补全前项k|补全后项k|正常解析
25k-60k,25.0,60.0,12,300.0,720.0,月薪,预处理|补全前项k|补全后项k|正常解析
28k-65k,28.0,65.0,12,336.0,780.0,月薪,预处理|补全前项k|补全后项k|正常解析
11k-35k,11.0,35.0,12,132.0,420.0,月薪,预处理|补全前项k|补全后项k|正常解析
21k-28k,21.0,28.0,12,252.0,336.0,月薪,预处理|补全前项k|补全后项k|正常解析
1k-3k,1.0,3.0,12,12.0,36.0,月薪,预处理|补全前项k|补全后项k|正常解析
500-700元/天,15.0,21.0,12,180.0,252.0,日薪换算,预处理|元/天转月薪|构造标准文本|补全前项k|补全后项k|正常解析
15k-50k,15.0,50.0,12,180.0,600.0,月薪,预处理|补全前项k|补全后项k|正常解析
25k-55k,25.0,55.0,12,300.0,660.0,月薪,预处理|补全前项k|补全后项k|正常解析
21k-42k,21.0,42.0,12,252.0,504.0,月薪,预处理|补全前项k|补全后项k|正常解析
14k-19k,14.0,19.0,12,168.0,228.0,月薪,预处理|补全前项k|补全后项k|正常解析
12k-25k,12.0,25.0,12,144.0,300.0,月薪,预处理|补全前项k|补全后项k|正常解析
11k-30k,11.0,30.0,12,132.0,360.0,月薪,预处理|补全前项k|补全后项k|正常解析
120-200元/天,3.6,6.0,12,43.2,72.0,日薪换算,预处理|元/天转月薪|构造标准文本|补全前项k|补全后项k|正常解析
200-360元/天,6.0,10.8,12,72.0,129.6,日薪换算,预处理|元/天转月薪|构造标准文本|补全前项k|补全后项k|正常解析
230-290元/天,6.9,8.7,12,82.8,104.4,日薪换算,预处理|元/天转月薪|构造标准文本|补全前项k|补全后项k|正常解析
230-320元/天,6.9,9.6,12,82.8,115.2,日薪换算,预处理|元/天转月薪|构造标准文本|补全前项k|补全后项k|正常解析
350-500元/天,10.5,15.0,12,126.0,180.0,日薪换算,预处理|元/天转月薪|构造标准文本|补全前项k|补全后项k|正常解析
400-800元/天,12.0,24.0,12,144.0,288.0,日薪换算,预处理|元/天转月薪|构造标准文本|补全前项k|补全后项k|正常解析
140-180元/天,4.2,5.4,12,50.4,64.8,日薪换算,预处理|元/天转月薪|构造标准文本|补全前项k|补全后项k|正常解析
120-170元/天,3.6,5.1,12,43.2,61.2,日薪换算,预处理|元/天转月薪|构造标准文本|补全前项k|补全后项k|正常解析
300-310元/天,9.0,9.3,12,108.0,111.6,日薪换算,预处理|元/天转月薪|构造标准文本|补全前项k|补全后项k|正常解析
2k-6k,2.0,6.0,12,24.0,72.0,月薪,预处理|补全前项k|补全后项k|正常解析
400-1000元/天,12.0,30.0,12,144.0,360.0,日薪换算,预处理|元/天转月薪|构造标准文本|补全前项k|补全后项k|正常解析
150-220元/天,4.5,6.6,12,54.0,79.2,日薪换算,预处理|元/天转月薪|构造标准文本|补全前项k|补全后项k|正常解析
120-300元/天,3.6,9.0,12,43.2,108.0,日薪换算,预处理|元/天转月薪|构造标准文本|补全前项k|补全后项k|正常解析
100-160元/天,3.0,4.8,12,36.0,57.6,日薪换算,预处理|元/天转月薪|构造标准文本|补全前项k|补全后项k|正常解析
150-330元/天,4.5,9.9,12,54.0,118.8,日薪换算,预处理|元/天转月薪|构造标准文本|补全前项k|补全后项k|正常解析
160-300元/天,4.8,9.0,12,57.6,108.0,日薪换算,预处理|元/天转月薪|构造标准文本|补全前项k|补全后项k|正常解析
200-240元/天,6.0,7.2,12,72.0,86.4,日薪换算,预处理|元/天转月薪|构造标准文本|补全前项k|补全后项k|正常解析
70-80元/天,2.1,2.4,12,25.2,28.8,日薪换算,预处理|元/天转月薪|构造标准文本|补全前项k|补全后项k|正常解析
150-320元/天,4.5,9.6,12,54.0,115.2,日薪换算,预处理|元/天转月薪|构造标准文本|补全前项k|补全后项k|正常解析
160-310元/天,4.8,9.3,12,57.6,111.6,日薪换算,预处理|元/天转月薪|构造标准文本|补全前项k|补全后项k|正常解析
400-410元/天,12.0,12.3,12,144.0,147.6,日薪换算,预处理|元/天转月薪|构造标准文本|补全前项k|补全后项k|正常解析
8k-20k,8.0,20.0,12,96.0,240.0,月薪,预处理|补全前项k|补全后项k|正常解析
13k-29k,13.0,29.0,12,156.0,348.0,月薪,预处理|补全前项k|补全后项k|正常解析
12k-28k,12.0,28.0,12,144.0,336.0,月薪,预处理|补全前项k|补全后项k|正常解析
140-260元/天,4.2,7.8,12,50.4,93.6,日薪换算,预处理|元/天转月薪|构造标准文本|补全前项k|补全后项k|正常解析
20-100元/天,0.6,3.0,12,7.2,36.0,日薪换算,预处理|元/天转月薪|构造标准文本|补全前项k|补全后项k|正常解析
110-200元/天,3.3,6.0,12,39.6,72.0,日薪换算,预处理|元/天转月薪|构造标准文本|补全前项k|补全后项k|正常解析
200-220元/天,6.0,6.6,12,72.0,79.2,日薪换算,预处理|元/天转月薪|构造标准文本|补全前项k|补全后项k|正常解析
380-619元/天,11.4,18.6,12,136.8,223.2,日薪换算,预处理|元/天转月薪|构造标准文本|补全前项k|补全后项k|正常解析
20k-55k,20.0,55.0,12,240.0,660.0,月薪,预处理|补全前项k|补全后项k|正常解析
60-90k,60.0,90.0,12,720.0,1080.0,月薪,预处理|补全前项k|补全后项k|正常解析
23k-30k,23.0,30.0,12,276.0,360.0,月薪,预处理|补全前项k|补全后项k|正常解析
16k-40k,16.0,40.0,12,192.0,480.0,月薪,预处理|补全前项k|补全后项k|正常解析
10k-22k,10.0,22.0,12,120.0,264.0,月薪,预处理|补全前项k|补全后项k|正常解析
370-380元/天,11.1,11.4,12,133.2,136.8,日薪换算,预处理|元/天转月薪|构造标准文本|补全前项k|补全后项k|正常解析
8k-26k,8.0,26.0,12,96.0,312.0,月薪,预处理|补全前项k|补全后项k|正常解析
440-450元/天,13.2,13.5,12,158.4,162.0,日薪换算,预处理|元/天转月薪|构造标准文本|补全前项k|补全后项k|正常解析
300-600元/天,9.0,18.0,12,108.0,216.0,日薪换算,预处理|元/天转月薪|构造标准文本|补全前项k|补全后项k|正常解析
200-500元/天,6.0,15.0,12,72.0,180.0,日薪换算,预处理|元/天转月薪|构造标准文本|补全前项k|补全后项k|正常解析
13k-35k,13.0,35.0,12,156.0,420.0,月薪,预处理|补全前项k|补全后项k|正常解析
14k-30k,14.0,30.0,12,168.0,360.0,月薪,预处理|补全前项k|补全后项k|正常解析
10k-24k,10.0,24.0,12,120.0,288.0,月薪,预处理|补全前项k|补全后项k|正常解析
25k-95k,25.0,95.0,12,300.0,1140.0,月薪,预处理|补全前项k|补全后项k|正常解析
20-30元/天,0.6,0.9,12,7.2,10.8,日薪换算,预处理|元/天转月薪|构造标准文本|补全前项k|补全后项k|正常解析
220-250元/天,6.6,7.5,12,79.2,90.0,日薪换算,预处理|元/天转月薪|构造标准文本|补全前项k|补全后项k|正常解析
5k-17k,5.0,17.0,12,60.0,204.0,月薪,预处理|补全前项k|补全后项k|正常解析
5k-15k,5.0,15.0,12,60.0,180.0,月薪,预处理|补全前项k|补全后项k|正常解析
350-700元/天,10.5,21.0,12,126.0,252.0,日薪换算,预处理|元/天转月薪|构造标准文本|补全前项k|补全后项k|正常解析
270-400元/天,8.1,12.0,12,97.2,144.0,日薪换算,预处理|元/天转月薪|构造标准文本|补全前项k|补全后项k|正常解析
10-100元/天,0.3,3.0,12,3.6,36.0,日薪换算,预处理|元/天转月薪|构造标准文本|补全前项k|补全后项k|正常解析
4k-10k,4.0,10.0,12,48.0,120.0,月薪,预处理|补全前项k|补全后项k|正常解析
45k-70k,45.0,70.0,12,540.0,840.0,月薪,预处理|补全前项k|补全后项k|正常解析
220-360元/天,6.6,10.8,12,79.2,129.6,日薪换算,预处理|元/天转月薪|构造标准文本|补全前项k|补全后项k|正常解析
27k-45k,27.0,45.0,12,324.0,540.0,月薪,预处理|补全前项k|补全后项k|正常解析
500-510元/天,15.0,15.3,12,180.0,183.6,日薪换算,预处理|元/天转月薪|构造标准文本|补全前项k|补全后项k|正常解析
18k-60k,18.0,60.0,12,216.0,720.0,月薪,预处理|补全前项k|补全后项k|正常解析
30k-80k,30.0,80.0,12,360.0,960.0,月薪,预处理|补全前项k|补全后项k|正常解析
35k-75k,35.0,75.0,12,420.0,900.0,月薪,预处理|补全前项k|补全后项k|正常解析
26k-36k,26.0,36.0,12,312.0,432.0,月薪,预处理|补全前项k|补全后项k|正常解析
21k-45k,21.0,45.0,12,252.0,540.0,月薪,预处理|补全前项k|补全后项k|正常解析
25k-65k,25.0,65.0,12,300.0,780.0,月薪,预处理|补全前项k|补全后项k|正常解析
280-300元/天,8.4,9.0,12,100.8,108.0,日薪换算,预处理|元/天转月薪|构造标准文本|补全前项k|补全后项k|正常解析
7k-20k,7.0,20.0,12,84.0,240.0,月薪,预处理|补全前项k|补全后项k|正常解析
180-300元/天,5.4,9.0,12,64.8,108.0,日薪换算,预处理|元/天转月薪|构造标准文本|补全前项k|补全后项k|正常解析
8k-25k,8.0,25.0,12,96.0,300.0,月薪,预处理|补全前项k|补全后项k|正常解析
400-700元/天,12.0,21.0,12,144.0,252.0,日薪换算,预处理|元/天转月薪|构造标准文本|补全前项k|补全后项k|正常解析
400-600元/天,12.0,18.0,12,144.0,216.0,日薪换算,预处理|元/天转月薪|构造标准文本|补全前项k|补全后项k|正常解析
300-450元/天,9.0,13.5,12,108.0,162.0,日薪换算,预处理|元/天转月薪|构造标准文本|补全前项k|补全后项k|正常解析
270-300元/天,8.1,9.0,12,97.2,108.0,日薪换算,预处理|元/天转月薪|构造标准文本|补全前项k|补全后项k|正常解析
17k-28k,17.0,28.0,12,204.0,336.0,月薪,预处理|补全前项k|补全后项k|正常解析
250-280元/天,7.5,8.4,12,90.0,100.8,日薪换算,预处理|元/天转月薪|构造标准文本|补全前项k|补全后项k|正常解析
80-120元/天,2.4,3.6,12,28.8,43.2,日薪换算,预处理|元/天转月薪|构造标准文本|补全前项k|补全后项k|正常解析
10-20元/天,0.3,0.6,12,3.6,7.2,日薪换算,预处理|元/天转月薪|构造标准文本|补全前项k|补全后项k|正常解析
15k-55k,15.0,55.0,12,180.0,660.0,月薪,预处理|补全前项k|补全后项k|正常解析
430-480元/天,12.9,14.4,12,154.8,172.8,日薪换算,预处理|元/天转月薪|构造标准文本|补全前项k|补全后项k|正常解析
50-200元/天,1.5,6.0,12,18.0,72.0,日薪换算,预处理|元/天转月薪|构造标准文本|补全前项k|补全后项k|正常解析
80-150元/天,2.4,4.5,12,28.8,54.0,日薪换算,预处理|元/天转月薪|构造标准文本|补全前项k|补全后项k|正常解析
700-1000元/天,21.0,30.0,12,252.0,360.0,日薪换算,预处理|元/天转月薪|构造标准文本|补全前项k|补全后项k|正常解析
140-200元/天,4.2,6.0,12,50.4,72.0,日薪换算,预处理|元/天转月薪|构造标准文本|补全前项k|补全后项k|正常解析
17k-24k,17.0,24.0,12,204.0,288.0,月薪,预处理|补全前项k|补全后项k|正常解析
17k-18k,17.0,18.0,12,204.0,216.0,月薪,预处理|补全前项k|补全后项k|正常解析
16k-19k,16.0,19.0,12,192.0,228.0,月薪,预处理|补全前项k|补全后项k|正常解析
26k-41k,26.0,41.0,12,312.0,492.0,月薪,预处理|补全前项k|补全后项k|正常解析
22k-33k,22.0,33.0,12,264.0,396.0,月薪,预处理|补全前项k|补全后项k|正常解析
13k-40k,13.0,40.0,12,156.0,480.0,月薪,预处理|补全前项k|补全后项k|正常解析
9k-20k,9.0,20.0,12,108.0,240.0,月薪,预处理|补全前项k|补全后项k|正常解析
330-340元/天,9.9,10.2,12,118.8,122.4,日薪换算,预处理|元/天转月薪|构造标准文本|补全前项k|补全后项k|正常解析
2k-7k,2.0,7.0,12,24.0,84.0,月薪,预处理|补全前项k|补全后项k|正常解析
14k-35k,14.0,35.0,12,168.0,420.0,月薪,预处理|补全前项k|补全后项k|正常解析
200-280元/天,6.0,8.4,12,72.0,100.8,日薪换算,预处理|元/天转月薪|构造标准文本|补全前项k|补全后项k|正常解析
990-1000元/天,29.7,30.0,12,356.4,360.0,日薪换算,预处理|元/天转月薪|构造标准文本|补全前项k|补全后项k|正常解析
380-450元/天,11.4,13.5,12,136.8,162.0,日薪换算,预处理|元/天转月薪|构造标准文本|补全前项k|补全后项k|正常解析
9k-25k,9.0,25.0,12,108.0,300.0,月薪,预处理|补全前项k|补全后项k|正常解析
140-160元/天,4.2,4.8,12,50.4,57.6,日薪换算,预处理|元/天转月薪|构造标准文本|补全前项k|补全后项k|正常解析
20k-100k,20.0,100.0,12,240.0,1200.0,月薪,预处理|补全前项k|补全后项k|正常解析
5k-12k,5.0,12.0,12,60.0,144.0,月薪,预处理|补全前项k|补全后项k|正常解析
120-160元/天,3.6,4.8,12,43.2,57.6,日薪换算,预处理|元/天转月薪|构造标准文本|补全前项k|补全后项k|正常解析
70-130元/天,2.1,3.9,12,25.2,46.8,日薪换算,预处理|元/天转月薪|构造标准文本|补全前项k|补全后项k|正常解析
60-120元/天,1.8,3.6,12,21.6,43.2,日薪换算,预处理|元/天转月薪|构造标准文本|补全前项k|补全后项k|正常解析
100-170元/天,3.0,5.1,12,36.0,61.2,日薪换算,预处理|元/天转月薪|构造标准文本|补全前项k|补全后项k|正常解析
450-550元/天,13.5,16.5,12,162.0,198.0,日薪换算,预处理|元/天转月薪|构造标准文本|补全前项k|补全后项k|正常解析
14k-40k,14.0,40.0,12,168.0,480.0,月薪,预处理|补全前项k|补全后项k|正常解析
13k-27k,13.0,27.0,12,156.0,324.0,月薪,预处理|补全前项k|补全后项k|正常解析
140-270元/天,4.2,8.1,12,50.4,97.2,日薪换算,预处理|元/天转月薪|构造标准文本|补全前项k|补全后项k|正常解析
340-500元/天,10.2,15.0,12,122.4,180.0,日薪换算,预处理|元/天转月薪|构造标准文本|补全前项k|补全后项k|正常解析
50-80元/天,1.5,2.4,12,18.0,28.8,日薪换算,预处理|元/天转月薪|构造标准文本|补全前项k|补全后项k|正常解析
10k-50k,10.0,50.0,12,120.0,600.0,月薪,预处理|补全前项k|补全后项k|正常解析
16k-45k,16.0,45.0,12,192.0,540.0,月薪,预处理|补全前项k|补全后项k|正常解析
80k-110k,80.0,110.0,12,960.0,1320.0,月薪,预处理|补全前项k|补全后项k|正常解析
250-500元/天,7.5,15.0,12,90.0,180.0,日薪换算,预处理|元/天转月薪|构造标准文本|补全前项k|补全后项k|正常解析
170-240元/天,5.1,7.2,12,61.2,86.4,日薪换算,预处理|元/天转月薪|构造标准文本|补全前项k|补全后项k|正常解析
160-200元/天,4.8,6.0,12,57.6,72.0,日薪换算,预处理|元/天转月薪|构造标准文本|补全前项k|补全后项k|正常解析
32k-42k,32.0,42.0,12,384.0,504.0,月薪,预处理|补全前项k|补全后项k|正常解析
3-7K·13薪,3.0,7.0,13,39.0,91.0,月薪,预处理|补全前项k|补全后项k|提取k后薪数|正常解析
18-30K·24薪,18.0,30.0,24,432.0,720.0,月薪,预处理|补全前项k|补全后项k|提取k后薪数|正常解析
5000-11000元/月,5.0,11.0,12,60.0,132.0,月薪,预处理|处理元/月|元/月范围转k|补全前项k|补全后项k|正常解析
3000-6000元/月,3.0,6.0,12,36.0,72.0,月薪,预处理|处理元/月|元/月范围转k|补全前项k|补全后项k|正常解析
45-55K,45.0,55.0,12,540.0,660.0,月薪,预处理|补全前项k|补全后项k|正常解析
80-100K,80.0,100.0,12,960.0,1200.0,月薪,预处理|补全前项k|补全后项k|正常解析
24-35K·15薪,24.0,35.0,15,360.0,525.0,月薪,预处理|补全前项k|补全后项k|提取k后薪数|正常解析
45-55K·16薪,45.0,55.0,16,720.0,880.0,月薪,预处理|补全前项k|补全后项k|提取k后薪数|正常解析
60-90K·14薪,60.0,90.0,14,840.0,1260.0,月薪,预处理|补全前项k|补全后项k|提取k后薪数|正常解析
45-65K·15薪,45.0,65.0,15,675.0,975.0,月薪,预处理|补全前项k|补全后项k|提取k后薪数|正常解析
23-45K·16薪,23.0,45.0,16,368.0,720.0,月薪,预处理|补全前项k|补全后项k|提取k后薪数|正常解析
28-45K,28.0,45.0,12,336.0,540.0,月薪,预处理|补全前项k|补全后项k|正常解析
60-80K·14薪,60.0,80.0,14,840.0,1120.0,月薪,预处理|补全前项k|补全后项k|提取k后薪数|正常解析
35-45K,35.0,45.0,12,420.0,540.0,月薪,预处理|补全前项k|补全后项k|正常解析
55-80K·14薪,55.0,80.0,14,770.0,1120.0,月薪,预处理|补全前项k|补全后项k|提取k后薪数|正常解析
75-85K·15薪,75.0,85.0,15,1125.0,1275.0,月薪,预处理|补全前项k|补全后项k|提取k后薪数|正常解析
80-90K,80.0,90.0,12,960.0,1080.0,月薪,预处理|补全前项k|补全后项k|正常解析
28-55K·16薪,28.0,55.0,16,448.0,880.0,月薪,预处理|补全前项k|补全后项k|提取k后薪数|正常解析
30-55K·18薪,30.0,55.0,18,540.0,990.0,月薪,预处理|补全前项k|补全后项k|提取k后薪数|正常解析
10-11K·20薪,10.0,11.0,20,200.0,220.0,月薪,预处理|补全前项k|补全后项k|提取k后薪数|正常解析
50k-60k·16薪,50.0,60.0,16,800.0,960.0,月薪,预处理|补全前项k|补全后项k|提取k后薪数|正常解析
26k-35k·13薪,26.0,35.0,13,338.0,455.0,月薪,预处理|补全前项k|补全后项k|提取k后薪数|正常解析
17k-25k·15薪,17.0,25.0,15,255.0,375.0,月薪,预处理|补全前项k|补全后项k|提取k后薪数|正常解析
22k-33k·15薪,22.0,33.0,15,330.0,495.0,月薪,预处理|补全前项k|补全后项k|提取k后薪数|正常解析
50k-80k·13薪,50.0,80.0,13,650.0,1040.0,月薪,预处理|补全前项k|补全后项k|提取k后薪数|正常解析
45k-75k·16薪,45.0,75.0,16,720.0,1200.0,月薪,预处理|补全前项k|补全后项k|提取k后薪数|正常解析
28k-50k·16薪,28.0,50.0,16,448.0,800.0,月薪,预处理|补全前项k|补全后项k|提取k后薪数|正常解析
40k-70k·15薪,40.0,70.0,15,600.0,1050.0,月薪,预处理|补全前项k|补全后项k|提取k后薪数|正常解析
16k-32k·14薪,16.0,32.0,14,224.0,448.0,月薪,预处理|补全前项k|补全后项k|提取k后薪数|正常解析
28k-55k·18薪,28.0,55.0,18,504.0,990.0,月薪,预处理|补全前项k|补全后项k|提取k后薪数|正常解析
40k-60k·13薪,40.0,60.0,13,520.0,780.0,月薪,预处理|补全前项k|补全后项k|提取k后薪数|正常解析
35k-45k·16薪,35.0,45.0,16,560.0,720.0,月薪,预处理|补全前项k|补全后项k|提取k后薪数|正常解析
11k-20k·16薪,11.0,20.0,16,176.0,320.0,月薪,预处理|补全前项k|补全后项k|提取k后薪数|正常解析
50k-70k·15薪,50.0,70.0,15,750.0,1050.0,月薪,预处理|补全前项k|补全后项k|提取k后薪数|正常解析
120k-140k,120.0,140.0,12,1440.0,1680.0,月薪,预处理|补全前项k|补全后项k|正常解析
11k-20k·24薪,11.0,20.0,24,264.0,480.0,月薪,预处理|补全前项k|补全后项k|提取k后薪数|正常解析
12k-15k·18薪,12.0,15.0,18,216.0,270.0,月薪,预处理|补全前项k|补全后项k|提取k后薪数|正常解析
26-50K·13薪,26.0,50.0,13,338.0,650.0,月薪,预处理|补全前项k|补全后项k|提取k后薪数|正常解析
95-100K,95.0,100.0,12,1140.0,1200.0,月薪,预处理|补全前项k|补全后项k|正常解析
16-25K·13薪,16.0,25.0,13,208.0,325.0,月薪,预处理|补全前项k|补全后项k|提取k后薪数|正常解析
15k-23k·15薪,15.0,23.0,15,225.0,345.0,月薪,预处理|补全前项k|补全后项k|提取k后薪数|正常解析
14k-22k·15薪,14.0,22.0,15,210.0,330.0,月薪,预处理|补全前项k|补全后项k|提取k后薪数|正常解析
35k-50k·13薪,35.0,50.0,13,455.0,650.0,月薪,预处理|补全前项k|补全后项k|提取k后薪数|正常解析
11k-21k·13薪,11.0,21.0,13,143.0,273.0,月薪,预处理|补全前项k|补全后项k|提取k后薪数|正常解析
14k-20k·13薪,14.0,20.0,13,182.0,260.0,月薪,预处理|补全前项k|补全后项k|提取k后薪数|正常解析
28k-40k·16薪,28.0,40.0,16,448.0,640.0,月薪,预处理|补全前项k|补全后项k|提取k后薪数|正常解析
20k-30k·18薪,20.0,30.0,18,360.0,540.0,月薪,预处理|补全前项k|补全后项k|提取k后薪数|正常解析
28k-35k·13薪,28.0,35.0,13,364.0,455.0,月薪,预处理|补全前项k|补全后项k|提取k后薪数|正常解析
16k-18k·13薪,16.0,18.0,13,208.0,234.0,月薪,预处理|补全前项k|补全后项k|提取k后薪数|正常解析
17k-28k·13薪,17.0,28.0,13,221.0,364.0,月薪,预处理|补全前项k|补全后项k|提取k后薪数|正常解析
35k-48k·13薪,35.0,48.0,13,455.0,624.0,月薪,预处理|补全前项k|补全后项k|提取k后薪数|正常解析
18k-33k,18.0,33.0,12,216.0,396.0,月薪,预处理|补全前项k|补全后项k|正常解析
20k-26k·15薪,20.0,26.0,15,300.0,390.0,月薪,预处理|补全前项k|补全后项k|提取k后薪数|正常解析
10k-14k·16薪,10.0,14.0,16,160.0,224.0,月薪,预处理|补全前项k|补全后项k|提取k后薪数|正常解析
9k-15k·14薪,9.0,15.0,14,126.0,210.0,月薪,预处理|补全前项k|补全后项k|提取k后薪数|正常解析
17k-25k·14薪,17.0,25.0,14,238.0,350.0,月薪,预处理|补全前项k|补全后项k|提取k后薪数|正常解析
60k-100k,60.0,100.0,12,720.0,1200.0,月薪,预处理|补全前项k|补全后项k|正常解析
120k-150k,120.0,150.0,12,1440.0,1800.0,月薪,预处理|补全前项k|补全后项k|正常解析
45k-75k,45.0,75.0,12,540.0,900.0,月薪,预处理|补全前项k|补全后项k|正常解析
16k-29k,16.0,29.0,12,192.0,348.0,月薪,预处理|补全前项k|补全后项k|正常解析
70k-80k,70.0,80.0,12,840.0,960.0,月薪,预处理|补全前项k|补全后项k|正常解析
44k-80k,44.0,80.0,12,528.0,960.0,月薪,预处理|补全前项k|补全后项k|正常解析
33k-58k,33.0,58.0,12,396.0,696.0,月薪,预处理|补全前项k|补全后项k|正常解析
28k-50k,28.0,50.0,12,336.0,600.0,月薪,预处理|补全前项k|补全后项k|正常解析
80k-150k,80.0,150.0,12,960.0,1800.0,月薪,预处理|补全前项k|补全后项k|正常解析
28k-30k,28.0,30.0,12,336.0,360.0,月薪,预处理|补全前项k|补全后项k|正常解析
19k-38k,19.0,38.0,12,228.0,456.0,月薪,预处理|补全前项k|补全后项k|正常解析
22k-44k,22.0,44.0,12,264.0,528.0,月薪,预处理|补全前项k|补全后项k|正常解析
18k-27k,18.0,27.0,12,216.0,324.0,月薪,预处理|补全前项k|补全后项k|正常解析
35k-48k,35.0,48.0,12,420.0,576.0,月薪,预处理|补全前项k|补全后项k|正常解析
50k-65k,50.0,65.0,12,600.0,780.0,月薪,预处理|补全前项k|补全后项k|正常解析
30k-38k,30.0,38.0,12,360.0,456.0,月薪,预处理|补全前项k|补全后项k|正常解析
70k-90k,70.0,90.0,12,840.0,1080.0,月薪,预处理|补全前项k|补全后项k|正常解析
32k-33k,32.0,33.0,12,384.0,396.0,月薪,预处理|补全前项k|补全后项k|正常解析
25k-26k,25.0,26.0,12,300.0,312.0,月薪,预处理|补全前项k|补全后项k|正常解析
30k-60k·22薪,30.0,60.0,22,660.0,1320.0,月薪,预处理|补全前项k|补全后项k|提取k后薪数|正常解析
15k-18k·15薪,15.0,18.0,15,225.0,270.0,月薪,预处理|补全前项k|补全后项k|提取k后薪数|正常解析
100-136元/天,3.0,4.1,12,36.0,49.2,日薪换算,预处理|元/天转月薪|构造标准文本|补全前项k|补全后项k|正常解析
14k-20k·16薪,14.0,20.0,16,224.0,320.0,月薪,预处理|补全前项k|补全后项k|提取k后薪数|正常解析
30k-60k·18薪,30.0,60.0,18,540.0,1080.0,月薪,预处理|补全前项k|补全后项k|提取k后薪数|正常解析
25k-50k·20薪,25.0,50.0,20,500.0,1000.0,月薪,预处理|补全前项k|补全后项k|提取k后薪数|正常解析
16k-32k·16薪,16.0,32.0,16,256.0,512.0,月薪,预处理|补全前项k|补全后项k|提取k后薪数|正常解析
17k-34k·15薪,17.0,34.0,15,255.0,510.0,月薪,预处理|补全前项k|补全后项k|提取k后薪数|正常解析
16k-28k·14薪,16.0,28.0,14,224.0,392.0,月薪,预处理|补全前项k|补全后项k|提取k后薪数|正常解析
16k-30k·16薪,16.0,30.0,16,256.0,480.0,月薪,预处理|补全前项k|补全后项k|提取k后薪数|正常解析
17k-22k·15薪,17.0,22.0,15,255.0,330.0,月薪,预处理|补全前项k|补全后项k|提取k后薪数|正常解析
9k-14k·16薪,9.0,14.0,16,144.0,224.0,月薪,预处理|补全前项k|补全后项k|提取k后薪数|正常解析
15k-24k·15薪,15.0,24.0,15,225.0,360.0,月薪,预处理|补全前项k|补全后项k|提取k后薪数|正常解析
14k-19k·15薪,14.0,19.0,15,210.0,285.0,月薪,预处理|补全前项k|补全后项k|提取k后薪数|正常解析
200k-250k,200.0,250.0,12,2400.0,3000.0,月薪,预处理|补全前项k|补全后项k|正常解析
17k-30k·16薪,17.0,30.0,16,272.0,480.0,月薪,预处理|补全前项k|补全后项k|提取k后薪数|正常解析
15k-16k·16薪,15.0,16.0,16,240.0,256.0,月薪,预处理|补全前项k|补全后项k|提取k后薪数|正常解析
16k-22k·15薪,16.0,22.0,15,240.0,330.0,月薪,预处理|补全前项k|补全后项k|提取k后薪数|正常解析
17k-20k·14薪,17.0,20.0,14,238.0,280.0,月薪,预处理|补全前项k|补全后项k|提取k后薪数|正常解析
200k-400k,200.0,400.0,12,2400.0,4800.0,月薪,预处理|补全前项k|补全后项k|正常解析
21k-27k,21.0,27.0,12,252.0,324.0,月薪,预处理|补全前项k|补全后项k|正常解析
23k-26k·15薪,23.0,26.0,15,345.0,390.0,月薪,预处理|补全前项k|补全后项k|提取k后薪数|正常解析
12k-14k·14薪,12.0,14.0,14,168.0,196.0,月薪,预处理|补全前项k|补全后项k|提取k后薪数|正常解析
17k-34k·14薪,17.0,34.0,14,238.0,476.0,月薪,预处理|补全前项k|补全后项k|提取k后薪数|正常解析
9k-18k·14薪,9.0,18.0,14,126.0,252.0,月薪,预处理|补全前项k|补全后项k|提取k后薪数|正常解析
13k-16k·14薪,13.0,16.0,14,182.0,224.0,月薪,预处理|补全前项k|补全后项k|提取k后薪数|正常解析
14k-28k·16薪,14.0,28.0,16,224.0,448.0,月薪,预处理|补全前项k|补全后项k|提取k后薪数|正常解析
16k-30k·14薪,16.0,30.0,14,224.0,420.0,月薪,预处理|补全前项k|补全后项k|提取k后薪数|正常解析
13k-26k·16薪,13.0,26.0,16,208.0,416.0,月薪,预处理|补全前项k|补全后项k|提取k后薪数|正常解析
14k-26k·14薪,14.0,26.0,14,196.0,364.0,月薪,预处理|补全前项k|补全后项k|提取k后薪数|正常解析
25k-48k·16薪,25.0,48.0,16,400.0,768.0,月薪,预处理|补全前项k|补全后项k|提取k后薪数|正常解析
38k-58k·16薪,38.0,58.0,16,608.0,928.0,月薪,预处理|补全前项k|补全后项k|提取k后薪数|正常解析
35k-45k·13薪,35.0,45.0,13,455.0,585.0,月薪,预处理|补全前项k|补全后项k|提取k后薪数|正常解析
40k-70k·16薪,40.0,70.0,16,640.0,1120.0,月薪,预处理|补全前项k|补全后项k|提取k后薪数|正常解析
55k-85k·15薪,55.0,85.0,15,825.0,1275.0,月薪,预处理|补全前项k|补全后项k|提取k后薪数|正常解析
45k-70k·15薪,45.0,70.0,15,675.0,1050.0,月薪,预处理|补全前项k|补全后项k|提取k后薪数|正常解析
42k-68k·15薪,42.0,68.0,15,630.0,1020.0,月薪,预处理|补全前项k|补全后项k|提取k后薪数|正常解析
45k-75k·15薪,45.0,75.0,15,675.0,1125.0,月薪,预处理|补全前项k|补全后项k|提取k后薪数|正常解析
10k-13k·13薪,10.0,13.0,13,130.0,169.0,月薪,预处理|补全前项k|补全后项k|提取k后薪数|正常解析
15k-20k·16薪,15.0,20.0,16,240.0,320.0,月薪,预处理|补全前项k|补全后项k|提取k后薪数|正常解析
12k-23k·16薪,12.0,23.0,16,192.0,368.0,月薪,预处理|补全前项k|补全后项k|提取k后薪数|正常解析
20k-40k·18薪,20.0,40.0,18,360.0,720.0,月薪,预处理|补全前项k|补全后项k|提取k后薪数|正常解析
10k-14k·15薪,10.0,14.0,15,150.0,210.0,月薪,预处理|补全前项k|补全后项k|提取k后薪数|正常解析
24k-33k·13薪,24.0,33.0,13,312.0,429.0,月薪,预处理|补全前项k|补全后项k|提取k后薪数|正常解析
14k-28k·15薪,14.0,28.0,15,210.0,420.0,月薪,预处理|补全前项k|补全后项k|提取k后薪数|正常解析
11k-18k·14薪,11.0,18.0,14,154.0,252.0,月薪,预处理|补全前项k|补全后项k|提取k后薪数|正常解析
30k-55k·13薪,30.0,55.0,13,390.0,715.0,月薪,预处理|补全前项k|补全后项k|提取k后薪数|正常解析
18k-29k·14薪,18.0,29.0,14,252.0,406.0,月薪,预处理|补全前项k|补全后项k|提取k后薪数|正常解析
22k-44k·15薪,22.0,44.0,15,330.0,660.0,月薪,预处理|补全前项k|补全后项k|提取k后薪数|正常解析
80k-100k,80.0,100.0,12,960.0,1200.0,月薪,预处理|补全前项k|补全后项k|正常解析
17k-30k·15薪,17.0,30.0,15,255.0,450.0,月薪,预处理|补全前项k|补全后项k|提取k后薪数|正常解析
26k-52k,26.0,52.0,12,312.0,624.0,月薪,预处理|补全前项k|补全后项k|正常解析
16k-29k·14薪,16.0,29.0,14,224.0,406.0,月薪,预处理|补全前项k|补全后项k|提取k后薪数|正常解析
40k-70k·14薪,40.0,70.0,14,560.0,980.0,月薪,预处理|补全前项k|补全后项k|提取k后薪数|正常解析
45k-55k·15薪,45.0,55.0,15,675.0,825.0,月薪,预处理|补全前项k|补全后项k|提取k后薪数|正常解析
45k-65k,45.0,65.0,12,540.0,780.0,月薪,预处理|补全前项k|补全后项k|正常解析
28k-56k·15薪,28.0,56.0,15,420.0,840.0,月薪,预处理|补全前项k|补全后项k|提取k后薪数|正常解析
12k-17k·16薪,12.0,17.0,16,192.0,272.0,月薪,预处理|补全前项k|补全后项k|提取k后薪数|正常解析
7k-12k·18薪,7.0,12.0,18,126.0,216.0,月薪,预处理|补全前项k|补全后项k|提取k后薪数|正常解析
30k-55k·16薪,30.0,55.0,16,480.0,880.0,月薪,预处理|补全前项k|补全后项k|提取k后薪数|正常解析
26k-52k·16薪,26.0,52.0,16,416.0,832.0,月薪,预处理|补全前项k|补全后项k|提取k后薪数|正常解析
21k-35k·18薪,21.0,35.0,18,378.0,630.0,月薪,预处理|补全前项k|补全后项k|提取k后薪数|正常解析
12k-13k·14薪,12.0,13.0,14,168.0,182.0,月薪,预处理|补全前项k|补全后项k|提取k后薪数|正常解析
15k-18k·16薪,15.0,18.0,16,240.0,288.0,月薪,预处理|补全前项k|补全后项k|提取k后薪数|正常解析
5k-8k·15薪,5.0,8.0,15,75.0,120.0,月薪,预处理|补全前项k|补全后项k|提取k后薪数|正常解析
23k-27k,23.0,27.0,12,276.0,324.0,月薪,预处理|补全前项k|补全后项k|正常解析
16k-20k·20薪,16.0,20.0,20,320.0,400.0,月薪,预处理|补全前项k|补全后项k|提取k后薪数|正常解析
9k-11k·13薪,9.0,11.0,13,117.0,143.0,月薪,预处理|补全前项k|补全后项k|提取k后薪数|正常解析
16k-29k·15薪,16.0,29.0,15,240.0,435.0,月薪,预处理|补全前项k|补全后项k|提取k后薪数|正常解析
22k-28k·15薪,22.0,28.0,15,330.0,420.0,月薪,预处理|补全前项k|补全后项k|提取k后薪数|正常解析
40k-65k,40.0,65.0,12,480.0,780.0,月薪,预处理|补全前项k|补全后项k|正常解析
20k-25k·18薪,20.0,25.0,18,360.0,450.0,月薪,预处理|补全前项k|补全后项k|提取k后薪数|正常解析
100k-130k,100.0,130.0,12,1200.0,1560.0,月薪,预处理|补全前项k|补全后项k|正常解析
12k-15k·16薪,12.0,15.0,16,192.0,240.0,月薪,预处理|补全前项k|补全后项k|提取k后薪数|正常解析
30k-55k·18薪,30.0,55.0,18,540.0,990.0,月薪,预处理|补全前项k|补全后项k|提取k后薪数|正常解析
18k-33k·14薪,18.0,33.0,14,252.0,462.0,月薪,预处理|补全前项k|补全后项k|提取k后薪数|正常解析
19k-30k·13薪,19.0,30.0,13,247.0,390.0,月薪,预处理|补全前项k|补全后项k|提取k后薪数|正常解析
25k-35k·24薪,25.0,35.0,24,600.0,840.0,月薪,预处理|补全前项k|补全后项k|提取k后薪数|正常解析
33k-63k·18薪,33.0,63.0,18,594.0,1134.0,月薪,预处理|补全前项k|补全后项k|提取k后薪数|正常解析
25k-40k·20薪,25.0,40.0,20,500.0,800.0,月薪,预处理|补全前项k|补全后项k|提取k后薪数|正常解析
45k-55k·13薪,45.0,55.0,13,585.0,715.0,月薪,预处理|补全前项k|补全后项k|提取k后薪数|正常解析
35k-70k·15薪,35.0,70.0,15,525.0,1050.0,月薪,预处理|补全前项k|补全后项k|提取k后薪数|正常解析
18k-35k·18薪,18.0,35.0,18,324.0,630.0,月薪,预处理|补全前项k|补全后项k|提取k后薪数|正常解析
60k-100k·16薪,60.0,100.0,16,960.0,1600.0,月薪,预处理|补全前项k|补全后项k|提取k后薪数|正常解析
20k-36k·14薪,20.0,36.0,14,280.0,504.0,月薪,预处理|补全前项k|补全后项k|提取k后薪数|正常解析
17k-33k·14薪,17.0,33.0,14,238.0,462.0,月薪,预处理|补全前项k|补全后项k|提取k后薪数|正常解析
65k-100k,65.0,100.0,12,780.0,1200.0,月薪,预处理|补全前项k|补全后项k|正常解析
15k-27k·15薪,15.0,27.0,15,225.0,405.0,月薪,预处理|补全前项k|补全后项k|提取k后薪数|正常解析
15k-28k·16薪,15.0,28.0,16,240.0,448.0,月薪,预处理|补全前项k|补全后项k|提取k后薪数|正常解析
20k-32k·13薪,20.0,32.0,13,260.0,416.0,月薪,预处理|补全前项k|补全后项k|提取k后薪数|正常解析
9k-16k·13薪,9.0,16.0,13,117.0,208.0,月薪,预处理|补全前项k|补全后项k|提取k后薪数|正常解析
100k-120k,100.0,120.0,12,1200.0,1440.0,月薪,预处理|补全前项k|补全后项k|正常解析
15k-25k·20薪,15.0,25.0,20,300.0,500.0,月薪,预处理|补全前项k|补全后项k|提取k后薪数|正常解析
16k-30k·15薪,16.0,30.0,15,240.0,450.0,月薪,预处理|补全前项k|补全后项k|提取k后薪数|正常解析
23k-40k·16薪,23.0,40.0,16,368.0,640.0,月薪,预处理|补全前项k|补全后项k|提取k后薪数|正常解析
45k-85k,45.0,85.0,12,540.0,1020.0,月薪,预处理|补全前项k|补全后项k|正常解析
18k-22k·16薪,18.0,22.0,16,288.0,352.0,月薪,预处理|补全前项k|补全后项k|提取k后薪数|正常解析
15k-17k·15薪,15.0,17.0,15,225.0,255.0,月薪,预处理|补全前项k|补全后项k|提取k后薪数|正常解析
35k-70k·18薪,35.0,70.0,18,630.0,1260.0,月薪,预处理|补全前项k|补全后项k|提取k后薪数|正常解析
45k-80k·15薪,45.0,80.0,15,675.0,1200.0,月薪,预处理|补全前项k|补全后项k|提取k后薪数|正常解析
23k-30k·14薪,23.0,30.0,14,322.0,420.0,月薪,预处理|补全前项k|补全后项k|提取k后薪数|正常解析
19k-26k·13薪,19.0,26.0,13,247.0,338.0,月薪,预处理|补全前项k|补全后项k|提取k后薪数|正常解析
18k-23k·14薪,18.0,23.0,14,252.0,322.0,月薪,预处理|补全前项k|补全后项k|提取k后薪数|正常解析
18k-28k·16薪,18.0,28.0,16,288.0,448.0,月薪,预处理|补全前项k|补全后项k|提取k后薪数|正常解析
50k-75k,50.0,75.0,12,600.0,900.0,月薪,预处理|补全前项k|补全后项k|正常解析
23k-45k·15薪,23.0,45.0,15,345.0,675.0,月薪,预处理|补全前项k|补全后项k|提取k后薪数|正常解析
60k-75k,60.0,75.0,12,720.0,900.0,月薪,预处理|补全前项k|补全后项k|正常解析
45k-65k·14薪,45.0,65.0,14,630.0,910.0,月薪,预处理|补全前项k|补全后项k|提取k后薪数|正常解析
40k-80k·16薪,40.0,80.0,16,640.0,1280.0,月薪,预处理|补全前项k|补全后项k|提取k后薪数|正常解析
50k-100k·22薪,50.0,100.0,22,1100.0,2200.0,月薪,预处理|补全前项k|补全后项k|提取k后薪数|正常解析
35k-50k·16薪,35.0,50.0,16,560.0,800.0,月薪,预处理|补全前项k|补全后项k|提取k后薪数|正常解析
26k-33k·14薪,26.0,33.0,14,364.0,462.0,月薪,预处理|补全前项k|补全后项k|提取k后薪数|正常解析
35k-60k·15薪,35.0,60.0,15,525.0,900.0,月薪,预处理|补全前项k|补全后项k|提取k后薪数|正常解析
40k-50k·14薪,40.0,50.0,14,560.0,700.0,月薪,预处理|补全前项k|补全后项k|提取k后薪数|正常解析
40k-80k·13薪,40.0,80.0,13,520.0,1040.0,月薪,预处理|补全前项k|补全后项k|提取k后薪数|正常解析
33k-63k,33.0,63.0,12,396.0,756.0,月薪,预处理|补全前项k|补全后项k|正常解析
20k-21k·15薪,20.0,21.0,15,300.0,315.0,月薪,预处理|补全前项k|补全后项k|提取k后薪数|正常解析
45k-90k·16薪,45.0,90.0,16,720.0,1440.0,月薪,预处理|补全前项k|补全后项k|提取k后薪数|正常解析
50k-70k·14薪,50.0,70.0,14,700.0,980.0,月薪,预处理|补全前项k|补全后项k|提取k后薪数|正常解析
30k-55k·22薪,30.0,55.0,22,660.0,1210.0,月薪,预处理|补全前项k|补全后项k|提取k后薪数|正常解析
32k-60k·15薪,32.0,60.0,15,480.0,900.0,月薪,预处理|补全前项k|补全后项k|提取k后薪数|正常解析
60k-120k·16薪,60.0,120.0,16,960.0,1920.0,月薪,预处理|补全前项k|补全后项k|提取k后薪数|正常解析
80k-100k·14薪,80.0,100.0,14,1120.0,1400.0,月薪,预处理|补全前项k|补全后项k|提取k后薪数|正常解析
35k-70k·16薪,35.0,70.0,16,560.0,1120.0,月薪,预处理|补全前项k|补全后项k|提取k后薪数|正常解析
45k-65k·13薪,45.0,65.0,13,585.0,845.0,月薪,预处理|补全前项k|补全后项k|提取k后薪数|正常解析
14k-25k·15薪,14.0,25.0,15,210.0,375.0,月薪,预处理|补全前项k|补全后项k|提取k后薪数|正常解析
21k-42k·14薪,21.0,42.0,14,294.0,588.0,月薪,预处理|补全前项k|补全后项k|提取k后薪数|正常解析
35k-62k·15薪,35.0,62.0,15,525.0,930.0,月薪,预处理|补全前项k|补全后项k|提取k后薪数|正常解析
55k-100k·13薪,55.0,100.0,13,715.0,1300.0,月薪,预处理|补全前项k|补全后项k|提取k后薪数|正常解析
25k-48k·15薪,25.0,48.0,15,375.0,720.0,月薪,预处理|补全前项k|补全后项k|提取k后薪数|正常解析
27k-45k·15薪,27.0,45.0,15,405.0,675.0,月薪,预处理|补全前项k|补全后项k|提取k后薪数|正常解析
12k-15k·15薪,12.0,15.0,15,180.0,225.0,月薪,预处理|补全前项k|补全后项k|提取k后薪数|正常解析
23k-45k·16薪,23.0,45.0,16,368.0,720.0,月薪,预处理|补全前项k|补全后项k|提取k后薪数|正常解析
16k-18k·14薪,16.0,18.0,14,224.0,252.0,月薪,预处理|补全前项k|补全后项k|提取k后薪数|正常解析
22k-44k·16薪,22.0,44.0,16,352.0,704.0,月薪,预处理|补全前项k|补全后项k|提取k后薪数|正常解析
55k-70k,55.0,70.0,12,660.0,840.0,月薪,预处理|补全前项k|补全后项k|正常解析
120k-200k·14薪,120.0,200.0,14,1680.0,2800.0,月薪,预处理|补全前项k|补全后项k|提取k后薪数|正常解析
22k-25k,22.0,25.0,12,264.0,300.0,月薪,预处理|补全前项k|补全后项k|正常解析
22k-25k·15薪,22.0,25.0,15,330.0,375.0,月薪,预处理|补全前项k|补全后项k|提取k后薪数|正常解析
180k-300k,180.0,300.0,12,2160.0,3600.0,月薪,预处理|补全前项k|补全后项k|正常解析
15k-15k,15.0,15.0,12,180.0,180.0,月薪,预处理|补全前项k|补全后项k|正常解析
80k-110k·20薪,80.0,110.0,20,1600.0,2200.0,月薪,预处理|补全前项k|补全后项k|提取k后薪数|正常解析
25k-31k·14薪,25.0,31.0,14,350.0,434.0,月薪,预处理|补全前项k|补全后项k|提取k后薪数|正常解析
22k-30k·15薪,22.0,30.0,15,330.0,450.0,月薪,预处理|补全前项k|补全后项k|提取k后薪数|正常解析
40k-50k·15薪,40.0,50.0,15,600.0,750.0,月薪,预处理|补全前项k|补全后项k|提取k后薪数|正常解析
40k-50k·16薪,40.0,50.0,16,640.0,800.0,月薪,预处理|补全前项k|补全后项k|提取k后薪数|正常解析
60k-90k·16薪,60.0,90.0,16,960.0,1440.0,月薪,预处理|补全前项k|补全后项k|提取k后薪数|正常解析
45k-75k·14薪,45.0,75.0,14,630.0,1050.0,月薪,预处理|补全前项k|补全后项k|提取k后薪数|正常解析
45k-90k·13薪,45.0,90.0,13,585.0,1170.0,月薪,预处理|补全前项k|补全后项k|提取k后薪数|正常解析
50k-80k·18薪,50.0,80.0,18,900.0,1440.0,月薪,预处理|补全前项k|补全后项k|提取k后薪数|正常解析
40k-70k·18薪,40.0,70.0,18,720.0,1260.0,月薪,预处理|补全前项k|补全后项k|提取k后薪数|正常解析
60k-110k·14薪,60.0,110.0,14,840.0,1540.0,月薪,预处理|补全前项k|补全后项k|提取k后薪数|正常解析
31k-62k,31.0,62.0,12,372.0,744.0,月薪,预处理|补全前项k|补全后项k|正常解析
23k-45k·14薪,23.0,45.0,14,322.0,630.0,月薪,预处理|补全前项k|补全后项k|提取k后薪数|正常解析
27k-52k·15薪,27.0,52.0,15,405.0,780.0,月薪,预处理|补全前项k|补全后项k|提取k后薪数|正常解析
8k-12k·15薪,8.0,12.0,15,120.0,180.0,月薪,预处理|补全前项k|补全后项k|提取k后薪数|正常解析
